date,route_id,origin_country,origin_port,destination_port,commodity,vessel_class_typical,freight_rate_usd_per_tonne,data_source
2015-01-01,R1,Australia,Newcastle,Visakhapatnam,Coal,Panamax,5.85,synthetic_generated
2015-02-01,R1,Australia,Newcastle,Visakhapatnam,Coal,Panamax,6.39,synthetic_generated
2015-03-01,R1,Australia,Newcastle,Visakhapatnam,Coal,Panamax,5.83,synthetic_generated
2015-04-01,R1,Australia,Newcastle,Visakhapatnam,Coal,Panamax,6.86,synthetic_generated
2015-05-01,R1,Australia,Newcastle,Visakhapatnam,Coal,Panamax,6.41,synthetic_generated
2015-06-01,R1,Australia,Newcastle,Visakhapatnam,Coal,Panamax,6.48,synthetic_generated
2015-07-01,R1,Australia,Newcastle,Visakhapatnam,Coal,Panamax,6.02,synthetic_generated
2015-08-01,R1,Australia,Newcastle,Visakhapatnam,Coal,Panamax,5.89,synthetic_generated
2015-09-01,R1,Australia,Newcastle,Visakhapatnam,Coal,Panamax,6.01,synthetic_generated
2015-10-01,R1,Australia,Newcastle,Visakhapatnam,Coal,Panamax,5.72,synthetic_generated
2015-11-01,R1,Australia,Newcastle,Visakhapatnam,Coal,Panamax,5.7,synthetic_generated
2015-12-01,R1,Australia,Newcastle,Visakhapatnam,Coal,Panamax,5.86,synthetic_generated
2016-01-01,R1,Australia,Newcastle,Visakhapatnam,Coal,Panamax,5.35,synthetic_generated
2016-02-01,R1,Australia,Newcastle,Visakhapatnam,Coal,Panamax,5.07,synthetic_generated
2016-03-01,R1,Australia,Newcastle,Visakhapatnam,Coal,Panamax,4.53,synthetic_generated
2016-04-01,R1,Australia,Newcastle,Visakhapatnam,Coal,Panamax,4.08,synthetic_generated
2016-05-01,R1,Australia,Newcastle,Visakhapatnam,Coal,Panamax,3.99,synthetic_generated
2016-06-01,R1,Australia,Newcastle,Visakhapatnam,Coal,Panamax,3.88,synthetic_generated
2016-07-01,R1,Australia,Newcastle,Visakhapatnam,Coal,Panamax,2.92,synthetic_generated
2016-08-01,R1,Australia,Newcastle,Visakhapatnam,Coal,Panamax,2.41,synthetic_generated
2016-09-01,R1,Australia,Newcastle,Visakhapatnam,Coal,Panamax,2.88,synthetic_generated
2016-10-01,R1,Australia,Newcastle,Visakhapatnam,Coal,Panamax,3.03,synthetic_generated
2016-11-01,R1,Australia,Newcastle,Visakhapatnam,Coal,Panamax,3.52,synthetic_generated
2016-12-01,R1,Australia,Newcastle,Visakhapatnam,Coal,Panamax,3.11,synthetic_generated
2017-01-01,R1,Australia,Newcastle,Visakhapatnam,Coal,Panamax,6.45,synthetic_generated
2017-02-01,R1,Australia,Newcastle,Visakhapatnam,Coal,Panamax,6.75,synthetic_generated
2017-03-01,R1,Australia,Newcastle,Visakhapatnam,Coal,Panamax,6.66,synthetic_generated
2017-04-01,R1,Australia,Newcastle,Visakhapatnam,Coal,Panamax,7.21,synthetic_generated
2017-05-01,R1,Australia,Newcastle,Visakhapatnam,Coal,Panamax,6.12,synthetic_generated
2017-06-01,R1,Australia,Newcastle,Visakhapatnam,Coal,Panamax,6.05,synthetic_generated
2017-07-01,R1,Australia,Newcastle,Visakhapatnam,Coal,Panamax,5.5,synthetic_generated
2017-08-01,R1,Australia,Newcastle,Visakhapatnam,Coal,Panamax,6.12,synthetic_generated
2017-09-01,R1,Australia,Newcastle,Visakhapatnam,Coal,Panamax,6.3,synthetic_generated
2017-10-01,R1,Australia,Newcastle,Visakhapatnam,Coal,Panamax,5.7,synthetic_generated
2017-11-01,R1,Australia,Newcastle,Visakhapatnam,Coal,Panamax,6.38,synthetic_generated
2017-12-01,R1,Australia,Newcastle,Visakhapatnam,Coal,Panamax,6.51,synthetic_generated
2018-01-01,R1,Australia,Newcastle,Visakhapatnam,Coal,Panamax,8.51,synthetic_generated
2018-02-01,R1,Australia,Newcastle,Visakhapatnam,Coal,Panamax,8.69,synthetic_generated
2018-03-01,R1,Australia,Newcastle,Visakhapatnam,Coal,Panamax,7.72,synthetic_generated
2018-04-01,R1,Australia,Newcastle,Visakhapatnam,Coal,Panamax,9.06,synthetic_generated
2018-05-01,R1,Australia,Newcastle,Visakhapatnam,Coal,Panamax,8.39,synthetic_generated
2018-06-01,R1,Australia,Newcastle,Visakhapatnam,Coal,Panamax,8.19,synthetic_generated
2018-07-01,R1,Australia,Newcastle,Visakhapatnam,Coal,Panamax,7.75,synthetic_generated
2018-08-01,R1,Australia,Newcastle,Visakhapatnam,Coal,Panamax,8.03,synthetic_generated
2018-09-01,R1,Australia,Newcastle,Visakhapatnam,Coal,Panamax,7.13,synthetic_generated
2018-10-01,R1,Australia,Newcastle,Visakhapatnam,Coal,Panamax,6.87,synthetic_generated
2018-11-01,R1,Australia,Newcastle,Visakhapatnam,Coal,Panamax,7.06,synthetic_generated
2018-12-01,R1,Australia,Newcastle,Visakhapatnam,Coal,Panamax,7.82,synthetic_generated
2019-01-01,R1,Australia,Newcastle,Visakhapatnam,Coal,Panamax,7.37,synthetic_generated
2019-02-01,R1,Australia,Newcastle,Visakhapatnam,Coal,Panamax,6.81,synthetic_generated
2019-03-01,R1,Australia,Newcastle,Visakhapatnam,Coal,Panamax,7.56,synthetic_generated
2019-04-01,R1,Australia,Newcastle,Visakhapatnam,Coal,Panamax,7.92,synthetic_generated
2019-05-01,R1,Australia,Newcastle,Visakhapatnam,Coal,Panamax,7.23,synthetic_generated
2019-06-01,R1,Australia,Newcastle,Visakhapatnam,Coal,Panamax,7.22,synthetic_generated
2019-07-01,R1,Australia,Newcastle,Visakhapatnam,Coal,Panamax,7.89,synthetic_generated
2019-08-01,R1,Australia,Newcastle,Visakhapatnam,Coal,Panamax,8.1,synthetic_generated
2019-09-01,R1,Australia,Newcastle,Visakhapatnam,Coal,Panamax,7.15,synthetic_generated
2019-10-01,R1,Australia,Newcastle,Visakhapatnam,Coal,Panamax,7.0,synthetic_generated
2019-11-01,R1,Australia,Newcastle,Visakhapatnam,Coal,Panamax,7.43,synthetic_generated
2019-12-01,R1,Australia,Newcastle,Visakhapatnam,Coal,Panamax,7.74,synthetic_generated
2020-01-01,R1,Australia,Newcastle,Visakhapatnam,Coal,Panamax,5.37,synthetic_generated
2020-02-01,R1,Australia,Newcastle,Visakhapatnam,Coal,Panamax,5.65,synthetic_generated
2020-03-01,R1,Australia,Newcastle,Visakhapatnam,Coal,Panamax,5.46,synthetic_generated
2020-04-01,R1,Australia,Newcastle,Visakhapatnam,Coal,Panamax,3.19,synthetic_generated
2020-05-01,R1,Australia,Newcastle,Visakhapatnam,Coal,Panamax,2.9,synthetic_generated
2020-06-01,R1,Australia,Newcastle,Visakhapatnam,Coal,Panamax,3.33,synthetic_generated
2020-07-01,R1,Australia,Newcastle,Visakhapatnam,Coal,Panamax,5.05,synthetic_generated
2020-08-01,R1,Australia,Newcastle,Visakhapatnam,Coal,Panamax,5.17,synthetic_generated
2020-09-01,R1,Australia,Newcastle,Visakhapatnam,Coal,Panamax,5.16,synthetic_generated
2020-10-01,R1,Australia,Newcastle,Visakhapatnam,Coal,Panamax,5.32,synthetic_generated
2020-11-01,R1,Australia,Newcastle,Visakhapatnam,Coal,Panamax,5.01,synthetic_generated
2020-12-01,R1,Australia,Newcastle,Visakhapatnam,Coal,Panamax,6.16,synthetic_generated
2021-01-01,R1,Australia,Newcastle,Visakhapatnam,Coal,Panamax,19.62,synthetic_generated
2021-02-01,R1,Australia,Newcastle,Visakhapatnam,Coal,Panamax,20.18,synthetic_generated
2021-03-01,R1,Australia,Newcastle,Visakhapatnam,Coal,Panamax,18.2,synthetic_generated
2021-04-01,R1,Australia,Newcastle,Visakhapatnam,Coal,Panamax,19.4,synthetic_generated
2021-05-01,R1,Australia,Newcastle,Visakhapatnam,Coal,Panamax,17.68,synthetic_generated
2021-06-01,R1,Australia,Newcastle,Visakhapatnam,Coal,Panamax,19.04,synthetic_generated
2021-07-01,R1,Australia,Newcastle,Visakhapatnam,Coal,Panamax,18.4,synthetic_generated
2021-08-01,R1,Australia,Newcastle,Visakhapatnam,Coal,Panamax,17.75,synthetic_generated
2021-09-01,R1,Australia,Newcastle,Visakhapatnam,Coal,Panamax,24.44,synthetic_generated
2021-10-01,R1,Australia,Newcastle,Visakhapatnam,Coal,Panamax,18.73,synthetic_generated
2021-11-01,R1,Australia,Newcastle,Visakhapatnam,Coal,Panamax,22.53,synthetic_generated
2021-12-01,R1,Australia,Newcastle,Visakhapatnam,Coal,Panamax,16.17,synthetic_generated
2022-01-01,R1,Australia,Newcastle,Visakhapatnam,Coal,Panamax,14.07,synthetic_generated
2022-02-01,R1,Australia,Newcastle,Visakhapatnam,Coal,Panamax,15.32,synthetic_generated
2022-03-01,R1,Australia,Newcastle,Visakhapatnam,Coal,Panamax,15.08,synthetic_generated
2022-04-01,R1,Australia,Newcastle,Visakhapatnam,Coal,Panamax,14.25,synthetic_generated
2022-05-01,R1,Australia,Newcastle,Visakhapatnam,Coal,Panamax,14.04,synthetic_generated
2022-06-01,R1,Australia,Newcastle,Visakhapatnam,Coal,Panamax,16.06,synthetic_generated
2022-07-01,R1,Australia,Newcastle,Visakhapatnam,Coal,Panamax,14.59,synthetic_generated
2022-08-01,R1,Australia,Newcastle,Visakhapatnam,Coal,Panamax,15.4,synthetic_generated
2022-09-01,R1,Australia,Newcastle,Visakhapatnam,Coal,Panamax,14.8,synthetic_generated
2022-10-01,R1,Australia,Newcastle,Visakhapatnam,Coal,Panamax,13.19,synthetic_generated
2022-11-01,R1,Australia,Newcastle,Visakhapatnam,Coal,Panamax,15.25,synthetic_generated
2022-12-01,R1,Australia,Newcastle,Visakhapatnam,Coal,Panamax,14.03,synthetic_generated
2023-01-01,R1,Australia,Newcastle,Visakhapatnam,Coal,Panamax,9.0,synthetic_generated
2023-02-01,R1,Australia,Newcastle,Visakhapatnam,Coal,Panamax,10.55,synthetic_generated
2023-03-01,R1,Australia,Newcastle,Visakhapatnam,Coal,Panamax,10.25,synthetic_generated
2023-04-01,R1,Australia,Newcastle,Visakhapatnam,Coal,Panamax,10.88,synthetic_generated
2023-05-01,R1,Australia,Newcastle,Visakhapatnam,Coal,Panamax,9.25,synthetic_generated
2023-06-01,R1,Australia,Newcastle,Visakhapatnam,Coal,Panamax,9.85,synthetic_generated
2023-07-01,R1,Australia,Newcastle,Visakhapatnam,Coal,Panamax,9.68,synthetic_generated
2023-08-01,R1,Australia,Newcastle,Visakhapatnam,Coal,Panamax,9.29,synthetic_generated
2023-09-01,R1,Australia,Newcastle,Visakhapatnam,Coal,Panamax,8.33,synthetic_generated
2023-10-01,R1,Australia,Newcastle,Visakhapatnam,Coal,Panamax,8.44,synthetic_generated
2023-11-01,R1,Australia,Newcastle,Visakhapatnam,Coal,Panamax,9.46,synthetic_generated
2023-12-01,R1,Australia,Newcastle,Visakhapatnam,Coal,Panamax,9.82,synthetic_generated
2024-01-01,R1,Australia,Newcastle,Visakhapatnam,Coal,Panamax,10.73,synthetic_generated
2024-02-01,R1,Australia,Newcastle,Visakhapatnam,Coal,Panamax,10.31,synthetic_generated
2024-03-01,R1,Australia,Newcastle,Visakhapatnam,Coal,Panamax,8.86,synthetic_generated
2024-04-01,R1,Australia,Newcastle,Visakhapatnam,Coal,Panamax,9.84,synthetic_generated
2024-05-01,R1,Australia,Newcastle,Visakhapatnam,Coal,Panamax,10.19,synthetic_generated
2024-06-01,R1,Australia,Newcastle,Visakhapatnam,Coal,Panamax,11.17,synthetic_generated
2024-07-01,R1,Australia,Newcastle,Visakhapatnam,Coal,Panamax,9.3,synthetic_generated
2024-08-01,R1,Australia,Newcastle,Visakhapatnam,Coal,Panamax,9.61,synthetic_generated
2024-09-01,R1,Australia,Newcastle,Visakhapatnam,Coal,Panamax,10.29,synthetic_generated
2024-10-01,R1,Australia,Newcastle,Visakhapatnam,Coal,Panamax,8.27,synthetic_generated
2024-11-01,R1,Australia,Newcastle,Visakhapatnam,Coal,Panamax,9.52,synthetic_generated
2024-12-01,R1,Australia,Newcastle,Visakhapatnam,Coal,Panamax,10.35,synthetic_generated
2025-01-01,R1,Australia,Newcastle,Visakhapatnam,Coal,Panamax,9.36,synthetic_generated
2025-02-01,R1,Australia,Newcastle,Visakhapatnam,Coal,Panamax,9.64,synthetic_generated
2025-03-01,R1,Australia,Newcastle,Visakhapatnam,Coal,Panamax,8.61,synthetic_generated
2025-04-01,R1,Australia,Newcastle,Visakhapatnam,Coal,Panamax,9.04,synthetic_generated
2025-05-01,R1,Australia,Newcastle,Visakhapatnam,Coal,Panamax,9.33,synthetic_generated
2025-06-01,R1,Australia,Newcastle,Visakhapatnam,Coal,Panamax,9.99,synthetic_generated
2025-07-01,R1,Australia,Newcastle,Visakhapatnam,Coal,Panamax,10.47,synthetic_generated
2025-08-01,R1,Australia,Newcastle,Visakhapatnam,Coal,Panamax,8.4,synthetic_generated
2025-09-01,R1,Australia,Newcastle,Visakhapatnam,Coal,Panamax,8.73,synthetic_generated
2025-10-01,R1,Australia,Newcastle,Visakhapatnam,Coal,Panamax,8.18,synthetic_generated
2025-11-01,R1,Australia,Newcastle,Visakhapatnam,Coal,Panamax,8.35,synthetic_generated
2025-12-01,R1,Australia,Newcastle,Visakhapatnam,Coal,Panamax,7.65,synthetic_generated
2026-01-01,R1,Australia,Newcastle,Visakhapatnam,Coal,Panamax,8.18,synthetic_generated
2026-02-01,R1,Australia,Newcastle,Visakhapatnam,Coal,Panamax,8.28,synthetic_generated
2026-03-01,R1,Australia,Newcastle,Visakhapatnam,Coal,Panamax,7.67,synthetic_generated
2026-04-01,R1,Australia,Newcastle,Visakhapatnam,Coal,Panamax,8.84,synthetic_generated
2026-05-01,R1,Australia,Newcastle,Visakhapatnam,Coal,Panamax,8.14,synthetic_generated
2026-06-01,R1,Australia,Newcastle,Visakhapatnam,Coal,Panamax,7.95,synthetic_generated
2026-07-01,R1,Australia,Newcastle,Visakhapatnam,Coal,Panamax,8.19,synthetic_generated
2026-08-01,R1,Australia,Newcastle,Visakhapatnam,Coal,Panamax,7.21,synthetic_generated
2015-01-01,R2,Brazil,Tubarao,Paradip,Iron Ore,Capesize,9.84,synthetic_generated
2015-02-01,R2,Brazil,Tubarao,Paradip,Iron Ore,Capesize,10.48,synthetic_generated
2015-03-01,R2,Brazil,Tubarao,Paradip,Iron Ore,Capesize,11.58,synthetic_generated
2015-04-01,R2,Brazil,Tubarao,Paradip,Iron Ore,Capesize,10.79,synthetic_generated
2015-05-01,R2,Brazil,Tubarao,Paradip,Iron Ore,Capesize,11.85,synthetic_generated
2015-06-01,R2,Brazil,Tubarao,Paradip,Iron Ore,Capesize,9.52,synthetic_generated
2015-07-01,R2,Brazil,Tubarao,Paradip,Iron Ore,Capesize,10.77,synthetic_generated
2015-08-01,R2,Brazil,Tubarao,Paradip,Iron Ore,Capesize,10.99,synthetic_generated
2015-09-01,R2,Brazil,Tubarao,Paradip,Iron Ore,Capesize,10.05,synthetic_generated
2015-10-01,R2,Brazil,Tubarao,Paradip,Iron Ore,Capesize,9.24,synthetic_generated
2015-11-01,R2,Brazil,Tubarao,Paradip,Iron Ore,Capesize,9.43,synthetic_generated
2015-12-01,R2,Brazil,Tubarao,Paradip,Iron Ore,Capesize,9.5,synthetic_generated
2016-01-01,R2,Brazil,Tubarao,Paradip,Iron Ore,Capesize,9.09,synthetic_generated
2016-02-01,R2,Brazil,Tubarao,Paradip,Iron Ore,Capesize,8.85,synthetic_generated
2016-03-01,R2,Brazil,Tubarao,Paradip,Iron Ore,Capesize,7.7,synthetic_generated
2016-04-01,R2,Brazil,Tubarao,Paradip,Iron Ore,Capesize,6.91,synthetic_generated
2016-05-01,R2,Brazil,Tubarao,Paradip,Iron Ore,Capesize,6.45,synthetic_generated
2016-06-01,R2,Brazil,Tubarao,Paradip,Iron Ore,Capesize,6.52,synthetic_generated
2016-07-01,R2,Brazil,Tubarao,Paradip,Iron Ore,Capesize,5.46,synthetic_generated
2016-08-01,R2,Brazil,Tubarao,Paradip,Iron Ore,Capesize,4.08,synthetic_generated
2016-09-01,R2,Brazil,Tubarao,Paradip,Iron Ore,Capesize,4.91,synthetic_generated
2016-10-01,R2,Brazil,Tubarao,Paradip,Iron Ore,Capesize,4.79,synthetic_generated
2016-11-01,R2,Brazil,Tubarao,Paradip,Iron Ore,Capesize,5.83,synthetic_generated
2016-12-01,R2,Brazil,Tubarao,Paradip,Iron Ore,Capesize,5.65,synthetic_generated
2017-01-01,R2,Brazil,Tubarao,Paradip,Iron Ore,Capesize,10.4,synthetic_generated
2017-02-01,R2,Brazil,Tubarao,Paradip,Iron Ore,Capesize,11.26,synthetic_generated
2017-03-01,R2,Brazil,Tubarao,Paradip,Iron Ore,Capesize,11.51,synthetic_generated
2017-04-01,R2,Brazil,Tubarao,Paradip,Iron Ore,Capesize,10.82,synthetic_generated
2017-05-01,R2,Brazil,Tubarao,Paradip,Iron Ore,Capesize,10.77,synthetic_generated
2017-06-01,R2,Brazil,Tubarao,Paradip,Iron Ore,Capesize,10.54,synthetic_generated
2017-07-01,R2,Brazil,Tubarao,Paradip,Iron Ore,Capesize,9.64,synthetic_generated
2017-08-01,R2,Brazil,Tubarao,Paradip,Iron Ore,Capesize,11.4,synthetic_generated
2017-09-01,R2,Brazil,Tubarao,Paradip,Iron Ore,Capesize,11.15,synthetic_generated
2017-10-01,R2,Brazil,Tubarao,Paradip,Iron Ore,Capesize,9.86,synthetic_generated
2017-11-01,R2,Brazil,Tubarao,Paradip,Iron Ore,Capesize,11.35,synthetic_generated
2017-12-01,R2,Brazil,Tubarao,Paradip,Iron Ore,Capesize,10.6,synthetic_generated
2018-01-01,R2,Brazil,Tubarao,Paradip,Iron Ore,Capesize,14.89,synthetic_generated
2018-02-01,R2,Brazil,Tubarao,Paradip,Iron Ore,Capesize,13.49,synthetic_generated
2018-03-01,R2,Brazil,Tubarao,Paradip,Iron Ore,Capesize,13.46,synthetic_generated
2018-04-01,R2,Brazil,Tubarao,Paradip,Iron Ore,Capesize,13.42,synthetic_generated
2018-05-01,R2,Brazil,Tubarao,Paradip,Iron Ore,Capesize,13.83,synthetic_generated
2018-06-01,R2,Brazil,Tubarao,Paradip,Iron Ore,Capesize,14.91,synthetic_generated
2018-07-01,R2,Brazil,Tubarao,Paradip,Iron Ore,Capesize,13.28,synthetic_generated
2018-08-01,R2,Brazil,Tubarao,Paradip,Iron Ore,Capesize,14.66,synthetic_generated
2018-09-01,R2,Brazil,Tubarao,Paradip,Iron Ore,Capesize,11.58,synthetic_generated
2018-10-01,R2,Brazil,Tubarao,Paradip,Iron Ore,Capesize,10.55,synthetic_generated
2018-11-01,R2,Brazil,Tubarao,Paradip,Iron Ore,Capesize,12.34,synthetic_generated
2018-12-01,R2,Brazil,Tubarao,Paradip,Iron Ore,Capesize,13.81,synthetic_generated
2019-01-01,R2,Brazil,Tubarao,Paradip,Iron Ore,Capesize,13.43,synthetic_generated
2019-02-01,R2,Brazil,Tubarao,Paradip,Iron Ore,Capesize,12.86,synthetic_generated
2019-03-01,R2,Brazil,Tubarao,Paradip,Iron Ore,Capesize,13.08,synthetic_generated
2019-04-01,R2,Brazil,Tubarao,Paradip,Iron Ore,Capesize,12.27,synthetic_generated
2019-05-01,R2,Brazil,Tubarao,Paradip,Iron Ore,Capesize,12.16,synthetic_generated
2019-06-01,R2,Brazil,Tubarao,Paradip,Iron Ore,Capesize,12.6,synthetic_generated
2019-07-01,R2,Brazil,Tubarao,Paradip,Iron Ore,Capesize,13.88,synthetic_generated
2019-08-01,R2,Brazil,Tubarao,Paradip,Iron Ore,Capesize,13.35,synthetic_generated
2019-09-01,R2,Brazil,Tubarao,Paradip,Iron Ore,Capesize,12.14,synthetic_generated
2019-10-01,R2,Brazil,Tubarao,Paradip,Iron Ore,Capesize,11.57,synthetic_generated
2019-11-01,R2,Brazil,Tubarao,Paradip,Iron Ore,Capesize,12.79,synthetic_generated
2019-12-01,R2,Brazil,Tubarao,Paradip,Iron Ore,Capesize,13.49,synthetic_generated
2020-01-01,R2,Brazil,Tubarao,Paradip,Iron Ore,Capesize,8.56,synthetic_generated
2020-02-01,R2,Brazil,Tubarao,Paradip,Iron Ore,Capesize,9.41,synthetic_generated
2020-03-01,R2,Brazil,Tubarao,Paradip,Iron Ore,Capesize,8.87,synthetic_generated
2020-04-01,R2,Brazil,Tubarao,Paradip,Iron Ore,Capesize,5.0,synthetic_generated
2020-05-01,R2,Brazil,Tubarao,Paradip,Iron Ore,Capesize,5.14,synthetic_generated
2020-06-01,R2,Brazil,Tubarao,Paradip,Iron Ore,Capesize,5.99,synthetic_generated
2020-07-01,R2,Brazil,Tubarao,Paradip,Iron Ore,Capesize,7.73,synthetic_generated
2020-08-01,R2,Brazil,Tubarao,Paradip,Iron Ore,Capesize,7.92,synthetic_generated
2020-09-01,R2,Brazil,Tubarao,Paradip,Iron Ore,Capesize,8.21,synthetic_generated
2020-10-01,R2,Brazil,Tubarao,Paradip,Iron Ore,Capesize,7.47,synthetic_generated
2020-11-01,R2,Brazil,Tubarao,Paradip,Iron Ore,Capesize,8.37,synthetic_generated
2020-12-01,R2,Brazil,Tubarao,Paradip,Iron Ore,Capesize,10.59,synthetic_generated
2021-01-01,R2,Brazil,Tubarao,Paradip,Iron Ore,Capesize,33.05,synthetic_generated
2021-02-01,R2,Brazil,Tubarao,Paradip,Iron Ore,Capesize,32.81,synthetic_generated
2021-03-01,R2,Brazil,Tubarao,Paradip,Iron Ore,Capesize,31.27,synthetic_generated
2021-04-01,R2,Brazil,Tubarao,Paradip,Iron Ore,Capesize,30.05,synthetic_generated
2021-05-01,R2,Brazil,Tubarao,Paradip,Iron Ore,Capesize,31.1,synthetic_generated
2021-06-01,R2,Brazil,Tubarao,Paradip,Iron Ore,Capesize,32.14,synthetic_generated
2021-07-01,R2,Brazil,Tubarao,Paradip,Iron Ore,Capesize,32.42,synthetic_generated
2021-08-01,R2,Brazil,Tubarao,Paradip,Iron Ore,Capesize,28.68,synthetic_generated
2021-09-01,R2,Brazil,Tubarao,Paradip,Iron Ore,Capesize,38.04,synthetic_generated
2021-10-01,R2,Brazil,Tubarao,Paradip,Iron Ore,Capesize,37.64,synthetic_generated
2021-11-01,R2,Brazil,Tubarao,Paradip,Iron Ore,Capesize,36.66,synthetic_generated
2021-12-01,R2,Brazil,Tubarao,Paradip,Iron Ore,Capesize,30.36,synthetic_generated
2022-01-01,R2,Brazil,Tubarao,Paradip,Iron Ore,Capesize,25.22,synthetic_generated
2022-02-01,R2,Brazil,Tubarao,Paradip,Iron Ore,Capesize,24.09,synthetic_generated
2022-03-01,R2,Brazil,Tubarao,Paradip,Iron Ore,Capesize,25.72,synthetic_generated
2022-04-01,R2,Brazil,Tubarao,Paradip,Iron Ore,Capesize,25.5,synthetic_generated
2022-05-01,R2,Brazil,Tubarao,Paradip,Iron Ore,Capesize,24.76,synthetic_generated
2022-06-01,R2,Brazil,Tubarao,Paradip,Iron Ore,Capesize,25.27,synthetic_generated
2022-07-01,R2,Brazil,Tubarao,Paradip,Iron Ore,Capesize,25.66,synthetic_generated
2022-08-01,R2,Brazil,Tubarao,Paradip,Iron Ore,Capesize,26.42,synthetic_generated
2022-09-01,R2,Brazil,Tubarao,Paradip,Iron Ore,Capesize,26.81,synthetic_generated
2022-10-01,R2,Brazil,Tubarao,Paradip,Iron Ore,Capesize,24.19,synthetic_generated
2022-11-01,R2,Brazil,Tubarao,Paradip,Iron Ore,Capesize,25.81,synthetic_generated
2022-12-01,R2,Brazil,Tubarao,Paradip,Iron Ore,Capesize,22.14,synthetic_generated
2023-01-01,R2,Brazil,Tubarao,Paradip,Iron Ore,Capesize,17.69,synthetic_generated
2023-02-01,R2,Brazil,Tubarao,Paradip,Iron Ore,Capesize,17.86,synthetic_generated
2023-03-01,R2,Brazil,Tubarao,Paradip,Iron Ore,Capesize,19.9,synthetic_generated
2023-04-01,R2,Brazil,Tubarao,Paradip,Iron Ore,Capesize,16.95,synthetic_generated
2023-05-01,R2,Brazil,Tubarao,Paradip,Iron Ore,Capesize,15.62,synthetic_generated
2023-06-01,R2,Brazil,Tubarao,Paradip,Iron Ore,Capesize,16.26,synthetic_generated
2023-07-01,R2,Brazil,Tubarao,Paradip,Iron Ore,Capesize,14.28,synthetic_generated
2023-08-01,R2,Brazil,Tubarao,Paradip,Iron Ore,Capesize,14.68,synthetic_generated
2023-09-01,R2,Brazil,Tubarao,Paradip,Iron Ore,Capesize,14.42,synthetic_generated
2023-10-01,R2,Brazil,Tubarao,Paradip,Iron Ore,Capesize,14.63,synthetic_generated
2023-11-01,R2,Brazil,Tubarao,Paradip,Iron Ore,Capesize,16.68,synthetic_generated
2023-12-01,R2,Brazil,Tubarao,Paradip,Iron Ore,Capesize,18.79,synthetic_generated
2024-01-01,R2,Brazil,Tubarao,Paradip,Iron Ore,Capesize,17.48,synthetic_generated
2024-02-01,R2,Brazil,Tubarao,Paradip,Iron Ore,Capesize,16.61,synthetic_generated
2024-03-01,R2,Brazil,Tubarao,Paradip,Iron Ore,Capesize,15.28,synthetic_generated
2024-04-01,R2,Brazil,Tubarao,Paradip,Iron Ore,Capesize,16.32,synthetic_generated
2024-05-01,R2,Brazil,Tubarao,Paradip,Iron Ore,Capesize,14.56,synthetic_generated
2024-06-01,R2,Brazil,Tubarao,Paradip,Iron Ore,Capesize,19.62,synthetic_generated
2024-07-01,R2,Brazil,Tubarao,Paradip,Iron Ore,Capesize,18.04,synthetic_generated
2024-08-01,R2,Brazil,Tubarao,Paradip,Iron Ore,Capesize,16.28,synthetic_generated
2024-09-01,R2,Brazil,Tubarao,Paradip,Iron Ore,Capesize,14.97,synthetic_generated
2024-10-01,R2,Brazil,Tubarao,Paradip,Iron Ore,Capesize,15.48,synthetic_generated
2024-11-01,R2,Brazil,Tubarao,Paradip,Iron Ore,Capesize,15.67,synthetic_generated
2024-12-01,R2,Brazil,Tubarao,Paradip,Iron Ore,Capesize,17.9,synthetic_generated
2025-01-01,R2,Brazil,Tubarao,Paradip,Iron Ore,Capesize,15.29,synthetic_generated
2025-02-01,R2,Brazil,Tubarao,Paradip,Iron Ore,Capesize,15.87,synthetic_generated
2025-03-01,R2,Brazil,Tubarao,Paradip,Iron Ore,Capesize,17.39,synthetic_generated
2025-04-01,R2,Brazil,Tubarao,Paradip,Iron Ore,Capesize,16.17,synthetic_generated
2025-05-01,R2,Brazil,Tubarao,Paradip,Iron Ore,Capesize,15.63,synthetic_generated
2025-06-01,R2,Brazil,Tubarao,Paradip,Iron Ore,Capesize,18.59,synthetic_generated
2025-07-01,R2,Brazil,Tubarao,Paradip,Iron Ore,Capesize,15.5,synthetic_generated
2025-08-01,R2,Brazil,Tubarao,Paradip,Iron Ore,Capesize,15.2,synthetic_generated
2025-09-01,R2,Brazil,Tubarao,Paradip,Iron Ore,Capesize,15.19,synthetic_generated
2025-10-01,R2,Brazil,Tubarao,Paradip,Iron Ore,Capesize,14.1,synthetic_generated
2025-11-01,R2,Brazil,Tubarao,Paradip,Iron Ore,Capesize,13.64,synthetic_generated
2025-12-01,R2,Brazil,Tubarao,Paradip,Iron Ore,Capesize,13.16,synthetic_generated
2026-01-01,R2,Brazil,Tubarao,Paradip,Iron Ore,Capesize,12.08,synthetic_generated
2026-02-01,R2,Brazil,Tubarao,Paradip,Iron Ore,Capesize,14.9,synthetic_generated
2026-03-01,R2,Brazil,Tubarao,Paradip,Iron Ore,Capesize,13.88,synthetic_generated
2026-04-01,R2,Brazil,Tubarao,Paradip,Iron Ore,Capesize,14.08,synthetic_generated
2026-05-01,R2,Brazil,Tubarao,Paradip,Iron Ore,Capesize,14.7,synthetic_generated
2026-06-01,R2,Brazil,Tubarao,Paradip,Iron Ore,Capesize,13.94,synthetic_generated
2026-07-01,R2,Brazil,Tubarao,Paradip,Iron Ore,Capesize,14.63,synthetic_generated
2026-08-01,R2,Brazil,Tubarao,Paradip,Iron Ore,Capesize,12.48,synthetic_generated
2015-01-01,R3,South Africa,Richards Bay,Krishnapatnam,Coal,Panamax,5.89,synthetic_generated
2015-02-01,R3,South Africa,Richards Bay,Krishnapatnam,Coal,Panamax,6.02,synthetic_generated
2015-03-01,R3,South Africa,Richards Bay,Krishnapatnam,Coal,Panamax,5.78,synthetic_generated
2015-04-01,R3,South Africa,Richards Bay,Krishnapatnam,Coal,Panamax,6.58,synthetic_generated
2015-05-01,R3,South Africa,Richards Bay,Krishnapatnam,Coal,Panamax,6.03,synthetic_generated
2015-06-01,R3,South Africa,Richards Bay,Krishnapatnam,Coal,Panamax,6.15,synthetic_generated
2015-07-01,R3,South Africa,Richards Bay,Krishnapatnam,Coal,Panamax,5.64,synthetic_generated
2015-08-01,R3,South Africa,Richards Bay,Krishnapatnam,Coal,Panamax,6.02,synthetic_generated
2015-09-01,R3,South Africa,Richards Bay,Krishnapatnam,Coal,Panamax,5.69,synthetic_generated
2015-10-01,R3,South Africa,Richards Bay,Krishnapatnam,Coal,Panamax,4.75,synthetic_generated
2015-11-01,R3,South Africa,Richards Bay,Krishnapatnam,Coal,Panamax,4.89,synthetic_generated
2015-12-01,R3,South Africa,Richards Bay,Krishnapatnam,Coal,Panamax,4.77,synthetic_generated
2016-01-01,R3,South Africa,Richards Bay,Krishnapatnam,Coal,Panamax,5.04,synthetic_generated
2016-02-01,R3,South Africa,Richards Bay,Krishnapatnam,Coal,Panamax,4.8,synthetic_generated
2016-03-01,R3,South Africa,Richards Bay,Krishnapatnam,Coal,Panamax,4.43,synthetic_generated
2016-04-01,R3,South Africa,Richards Bay,Krishnapatnam,Coal,Panamax,3.92,synthetic_generated
2016-05-01,R3,South Africa,Richards Bay,Krishnapatnam,Coal,Panamax,3.64,synthetic_generated
2016-06-01,R3,South Africa,Richards Bay,Krishnapatnam,Coal,Panamax,3.26,synthetic_generated
2016-07-01,R3,South Africa,Richards Bay,Krishnapatnam,Coal,Panamax,2.62,synthetic_generated
2016-08-01,R3,South Africa,Richards Bay,Krishnapatnam,Coal,Panamax,2.15,synthetic_generated
2016-09-01,R3,South Africa,Richards Bay,Krishnapatnam,Coal,Panamax,2.85,synthetic_generated
2016-10-01,R3,South Africa,Richards Bay,Krishnapatnam,Coal,Panamax,2.69,synthetic_generated
2016-11-01,R3,South Africa,Richards Bay,Krishnapatnam,Coal,Panamax,2.75,synthetic_generated
2016-12-01,R3,South Africa,Richards Bay,Krishnapatnam,Coal,Panamax,2.98,synthetic_generated
2017-01-01,R3,South Africa,Richards Bay,Krishnapatnam,Coal,Panamax,5.31,synthetic_generated
2017-02-01,R3,South Africa,Richards Bay,Krishnapatnam,Coal,Panamax,6.31,synthetic_generated
2017-03-01,R3,South Africa,Richards Bay,Krishnapatnam,Coal,Panamax,6.01,synthetic_generated
2017-04-01,R3,South Africa,Richards Bay,Krishnapatnam,Coal,Panamax,5.8,synthetic_generated
2017-05-01,R3,South Africa,Richards Bay,Krishnapatnam,Coal,Panamax,5.57,synthetic_generated
2017-06-01,R3,South Africa,Richards Bay,Krishnapatnam,Coal,Panamax,5.5,synthetic_generated
2017-07-01,R3,South Africa,Richards Bay,Krishnapatnam,Coal,Panamax,5.3,synthetic_generated
2017-08-01,R3,South Africa,Richards Bay,Krishnapatnam,Coal,Panamax,6.18,synthetic_generated
2017-09-01,R3,South Africa,Richards Bay,Krishnapatnam,Coal,Panamax,5.55,synthetic_generated
2017-10-01,R3,South Africa,Richards Bay,Krishnapatnam,Coal,Panamax,5.3,synthetic_generated
2017-11-01,R3,South Africa,Richards Bay,Krishnapatnam,Coal,Panamax,5.66,synthetic_generated
2017-12-01,R3,South Africa,Richards Bay,Krishnapatnam,Coal,Panamax,5.55,synthetic_generated
2018-01-01,R3,South Africa,Richards Bay,Krishnapatnam,Coal,Panamax,7.81,synthetic_generated
2018-02-01,R3,South Africa,Richards Bay,Krishnapatnam,Coal,Panamax,7.09,synthetic_generated
2018-03-01,R3,South Africa,Richards Bay,Krishnapatnam,Coal,Panamax,7.03,synthetic_generated
2018-04-01,R3,South Africa,Richards Bay,Krishnapatnam,Coal,Panamax,6.92,synthetic_generated
2018-05-01,R3,South Africa,Richards Bay,Krishnapatnam,Coal,Panamax,8.25,synthetic_generated
2018-06-01,R3,South Africa,Richards Bay,Krishnapatnam,Coal,Panamax,7.91,synthetic_generated
2018-07-01,R3,South Africa,Richards Bay,Krishnapatnam,Coal,Panamax,7.29,synthetic_generated
2018-08-01,R3,South Africa,Richards Bay,Krishnapatnam,Coal,Panamax,7.32,synthetic_generated
2018-09-01,R3,South Africa,Richards Bay,Krishnapatnam,Coal,Panamax,6.61,synthetic_generated
2018-10-01,R3,South Africa,Richards Bay,Krishnapatnam,Coal,Panamax,6.06,synthetic_generated
2018-11-01,R3,South Africa,Richards Bay,Krishnapatnam,Coal,Panamax,6.56,synthetic_generated
2018-12-01,R3,South Africa,Richards Bay,Krishnapatnam,Coal,Panamax,7.52,synthetic_generated
2019-01-01,R3,South Africa,Richards Bay,Krishnapatnam,Coal,Panamax,6.91,synthetic_generated
2019-02-01,R3,South Africa,Richards Bay,Krishnapatnam,Coal,Panamax,6.61,synthetic_generated
2019-03-01,R3,South Africa,Richards Bay,Krishnapatnam,Coal,Panamax,7.04,synthetic_generated
2019-04-01,R3,South Africa,Richards Bay,Krishnapatnam,Coal,Panamax,6.2,synthetic_generated
2019-05-01,R3,South Africa,Richards Bay,Krishnapatnam,Coal,Panamax,6.11,synthetic_generated
2019-06-01,R3,South Africa,Richards Bay,Krishnapatnam,Coal,Panamax,7.6,synthetic_generated
2019-07-01,R3,South Africa,Richards Bay,Krishnapatnam,Coal,Panamax,7.81,synthetic_generated
2019-08-01,R3,South Africa,Richards Bay,Krishnapatnam,Coal,Panamax,7.25,synthetic_generated
2019-09-01,R3,South Africa,Richards Bay,Krishnapatnam,Coal,Panamax,7.11,synthetic_generated
2019-10-01,R3,South Africa,Richards Bay,Krishnapatnam,Coal,Panamax,6.51,synthetic_generated
2019-11-01,R3,South Africa,Richards Bay,Krishnapatnam,Coal,Panamax,7.89,synthetic_generated
2019-12-01,R3,South Africa,Richards Bay,Krishnapatnam,Coal,Panamax,8.0,synthetic_generated
2020-01-01,R3,South Africa,Richards Bay,Krishnapatnam,Coal,Panamax,4.84,synthetic_generated
2020-02-01,R3,South Africa,Richards Bay,Krishnapatnam,Coal,Panamax,4.83,synthetic_generated
2020-03-01,R3,South Africa,Richards Bay,Krishnapatnam,Coal,Panamax,4.39,synthetic_generated
2020-04-01,R3,South Africa,Richards Bay,Krishnapatnam,Coal,Panamax,2.82,synthetic_generated
2020-05-01,R3,South Africa,Richards Bay,Krishnapatnam,Coal,Panamax,2.76,synthetic_generated
2020-06-01,R3,South Africa,Richards Bay,Krishnapatnam,Coal,Panamax,3.0,synthetic_generated
2020-07-01,R3,South Africa,Richards Bay,Krishnapatnam,Coal,Panamax,4.4,synthetic_generated
2020-08-01,R3,South Africa,Richards Bay,Krishnapatnam,Coal,Panamax,4.4,synthetic_generated
2020-09-01,R3,South Africa,Richards Bay,Krishnapatnam,Coal,Panamax,5.04,synthetic_generated
2020-10-01,R3,South Africa,Richards Bay,Krishnapatnam,Coal,Panamax,4.3,synthetic_generated
2020-11-01,R3,South Africa,Richards Bay,Krishnapatnam,Coal,Panamax,4.49,synthetic_generated
2020-12-01,R3,South Africa,Richards Bay,Krishnapatnam,Coal,Panamax,5.78,synthetic_generated
2021-01-01,R3,South Africa,Richards Bay,Krishnapatnam,Coal,Panamax,17.35,synthetic_generated
2021-02-01,R3,South Africa,Richards Bay,Krishnapatnam,Coal,Panamax,17.26,synthetic_generated
2021-03-01,R3,South Africa,Richards Bay,Krishnapatnam,Coal,Panamax,18.37,synthetic_generated
2021-04-01,R3,South Africa,Richards Bay,Krishnapatnam,Coal,Panamax,17.72,synthetic_generated
2021-05-01,R3,South Africa,Richards Bay,Krishnapatnam,Coal,Panamax,16.1,synthetic_generated
2021-06-01,R3,South Africa,Richards Bay,Krishnapatnam,Coal,Panamax,17.62,synthetic_generated
2021-07-01,R3,South Africa,Richards Bay,Krishnapatnam,Coal,Panamax,16.64,synthetic_generated
2021-08-01,R3,South Africa,Richards Bay,Krishnapatnam,Coal,Panamax,15.19,synthetic_generated
2021-09-01,R3,South Africa,Richards Bay,Krishnapatnam,Coal,Panamax,21.16,synthetic_generated
2021-10-01,R3,South Africa,Richards Bay,Krishnapatnam,Coal,Panamax,20.89,synthetic_generated
2021-11-01,R3,South Africa,Richards Bay,Krishnapatnam,Coal,Panamax,18.7,synthetic_generated
2021-12-01,R3,South Africa,Richards Bay,Krishnapatnam,Coal,Panamax,16.69,synthetic_generated
2022-01-01,R3,South Africa,Richards Bay,Krishnapatnam,Coal,Panamax,12.87,synthetic_generated
2022-02-01,R3,South Africa,Richards Bay,Krishnapatnam,Coal,Panamax,13.08,synthetic_generated
2022-03-01,R3,South Africa,Richards Bay,Krishnapatnam,Coal,Panamax,13.46,synthetic_generated
2022-04-01,R3,South Africa,Richards Bay,Krishnapatnam,Coal,Panamax,13.3,synthetic_generated
2022-05-01,R3,South Africa,Richards Bay,Krishnapatnam,Coal,Panamax,13.47,synthetic_generated
2022-06-01,R3,South Africa,Richards Bay,Krishnapatnam,Coal,Panamax,13.74,synthetic_generated
2022-07-01,R3,South Africa,Richards Bay,Krishnapatnam,Coal,Panamax,14.17,synthetic_generated
2022-08-01,R3,South Africa,Richards Bay,Krishnapatnam,Coal,Panamax,14.02,synthetic_generated
2022-09-01,R3,South Africa,Richards Bay,Krishnapatnam,Coal,Panamax,13.47,synthetic_generated
2022-10-01,R3,South Africa,Richards Bay,Krishnapatnam,Coal,Panamax,12.02,synthetic_generated
2022-11-01,R3,South Africa,Richards Bay,Krishnapatnam,Coal,Panamax,12.34,synthetic_generated
2022-12-01,R3,South Africa,Richards Bay,Krishnapatnam,Coal,Panamax,13.03,synthetic_generated
2023-01-01,R3,South Africa,Richards Bay,Krishnapatnam,Coal,Panamax,9.48,synthetic_generated
2023-02-01,R3,South Africa,Richards Bay,Krishnapatnam,Coal,Panamax,9.18,synthetic_generated
2023-03-01,R3,South Africa,Richards Bay,Krishnapatnam,Coal,Panamax,9.83,synthetic_generated
2023-04-01,R3,South Africa,Richards Bay,Krishnapatnam,Coal,Panamax,9.99,synthetic_generated
2023-05-01,R3,South Africa,Richards Bay,Krishnapatnam,Coal,Panamax,8.15,synthetic_generated
2023-06-01,R3,South Africa,Richards Bay,Krishnapatnam,Coal,Panamax,9.39,synthetic_generated
2023-07-01,R3,South Africa,Richards Bay,Krishnapatnam,Coal,Panamax,8.43,synthetic_generated
2023-08-01,R3,South Africa,Richards Bay,Krishnapatnam,Coal,Panamax,8.46,synthetic_generated
2023-09-01,R3,South Africa,Richards Bay,Krishnapatnam,Coal,Panamax,7.86,synthetic_generated
2023-10-01,R3,South Africa,Richards Bay,Krishnapatnam,Coal,Panamax,7.2,synthetic_generated
2023-11-01,R3,South Africa,Richards Bay,Krishnapatnam,Coal,Panamax,8.22,synthetic_generated
2023-12-01,R3,South Africa,Richards Bay,Krishnapatnam,Coal,Panamax,9.39,synthetic_generated
2024-01-01,R3,South Africa,Richards Bay,Krishnapatnam,Coal,Panamax,9.22,synthetic_generated
2024-02-01,R3,South Africa,Richards Bay,Krishnapatnam,Coal,Panamax,8.91,synthetic_generated
2024-03-01,R3,South Africa,Richards Bay,Krishnapatnam,Coal,Panamax,9.01,synthetic_generated
2024-04-01,R3,South Africa,Richards Bay,Krishnapatnam,Coal,Panamax,7.96,synthetic_generated
2024-05-01,R3,South Africa,Richards Bay,Krishnapatnam,Coal,Panamax,8.47,synthetic_generated
2024-06-01,R3,South Africa,Richards Bay,Krishnapatnam,Coal,Panamax,9.21,synthetic_generated
2024-07-01,R3,South Africa,Richards Bay,Krishnapatnam,Coal,Panamax,8.99,synthetic_generated
2024-08-01,R3,South Africa,Richards Bay,Krishnapatnam,Coal,Panamax,9.11,synthetic_generated
2024-09-01,R3,South Africa,Richards Bay,Krishnapatnam,Coal,Panamax,8.55,synthetic_generated
2024-10-01,R3,South Africa,Richards Bay,Krishnapatnam,Coal,Panamax,7.76,synthetic_generated
2024-11-01,R3,South Africa,Richards Bay,Krishnapatnam,Coal,Panamax,9.03,synthetic_generated
2024-12-01,R3,South Africa,Richards Bay,Krishnapatnam,Coal,Panamax,8.93,synthetic_generated
2025-01-01,R3,South Africa,Richards Bay,Krishnapatnam,Coal,Panamax,9.44,synthetic_generated
2025-02-01,R3,South Africa,Richards Bay,Krishnapatnam,Coal,Panamax,8.42,synthetic_generated
2025-03-01,R3,South Africa,Richards Bay,Krishnapatnam,Coal,Panamax,9.74,synthetic_generated
2025-04-01,R3,South Africa,Richards Bay,Krishnapatnam,Coal,Panamax,9.43,synthetic_generated
2025-05-01,R3,South Africa,Richards Bay,Krishnapatnam,Coal,Panamax,7.64,synthetic_generated
2025-06-01,R3,South Africa,Richards Bay,Krishnapatnam,Coal,Panamax,9.44,synthetic_generated
2025-07-01,R3,South Africa,Richards Bay,Krishnapatnam,Coal,Panamax,9.19,synthetic_generated
2025-08-01,R3,South Africa,Richards Bay,Krishnapatnam,Coal,Panamax,8.27,synthetic_generated
2025-09-01,R3,South Africa,Richards Bay,Krishnapatnam,Coal,Panamax,8.39,synthetic_generated
2025-10-01,R3,South Africa,Richards Bay,Krishnapatnam,Coal,Panamax,7.27,synthetic_generated
2025-11-01,R3,South Africa,Richards Bay,Krishnapatnam,Coal,Panamax,7.22,synthetic_generated
2025-12-01,R3,South Africa,Richards Bay,Krishnapatnam,Coal,Panamax,7.55,synthetic_generated
2026-01-01,R3,South Africa,Richards Bay,Krishnapatnam,Coal,Panamax,7.55,synthetic_generated
2026-02-01,R3,South Africa,Richards Bay,Krishnapatnam,Coal,Panamax,7.73,synthetic_generated
2026-03-01,R3,South Africa,Richards Bay,Krishnapatnam,Coal,Panamax,7.57,synthetic_generated
2026-04-01,R3,South Africa,Richards Bay,Krishnapatnam,Coal,Panamax,7.81,synthetic_generated
2026-05-01,R3,South Africa,Richards Bay,Krishnapatnam,Coal,Panamax,7.26,synthetic_generated
2026-06-01,R3,South Africa,Richards Bay,Krishnapatnam,Coal,Panamax,7.4,synthetic_generated
2026-07-01,R3,South Africa,Richards Bay,Krishnapatnam,Coal,Panamax,7.68,synthetic_generated
2026-08-01,R3,South Africa,Richards Bay,Krishnapatnam,Coal,Panamax,6.64,synthetic_generated
2015-01-01,R4,Indonesia,Kalimantan,Kamarajar,Coal,Supramax,3.39,synthetic_generated
2015-02-01,R4,Indonesia,Kalimantan,Kamarajar,Coal,Supramax,3.82,synthetic_generated
2015-03-01,R4,Indonesia,Kalimantan,Kamarajar,Coal,Supramax,3.82,synthetic_generated
2015-04-01,R4,Indonesia,Kalimantan,Kamarajar,Coal,Supramax,3.86,synthetic_generated
2015-05-01,R4,Indonesia,Kalimantan,Kamarajar,Coal,Supramax,3.87,synthetic_generated
2015-06-01,R4,Indonesia,Kalimantan,Kamarajar,Coal,Supramax,3.52,synthetic_generated
2015-07-01,R4,Indonesia,Kalimantan,Kamarajar,Coal,Supramax,3.32,synthetic_generated
2015-08-01,R4,Indonesia,Kalimantan,Kamarajar,Coal,Supramax,3.46,synthetic_generated
2015-09-01,R4,Indonesia,Kalimantan,Kamarajar,Coal,Supramax,3.06,synthetic_generated
2015-10-01,R4,Indonesia,Kalimantan,Kamarajar,Coal,Supramax,3.2,synthetic_generated
2015-11-01,R4,Indonesia,Kalimantan,Kamarajar,Coal,Supramax,3.25,synthetic_generated
2015-12-01,R4,Indonesia,Kalimantan,Kamarajar,Coal,Supramax,3.6,synthetic_generated
2016-01-01,R4,Indonesia,Kalimantan,Kamarajar,Coal,Supramax,3.25,synthetic_generated
2016-02-01,R4,Indonesia,Kalimantan,Kamarajar,Coal,Supramax,2.86,synthetic_generated
2016-03-01,R4,Indonesia,Kalimantan,Kamarajar,Coal,Supramax,2.68,synthetic_generated
2016-04-01,R4,Indonesia,Kalimantan,Kamarajar,Coal,Supramax,2.17,synthetic_generated
2016-05-01,R4,Indonesia,Kalimantan,Kamarajar,Coal,Supramax,2.13,synthetic_generated
2016-06-01,R4,Indonesia,Kalimantan,Kamarajar,Coal,Supramax,2.27,synthetic_generated
2016-07-01,R4,Indonesia,Kalimantan,Kamarajar,Coal,Supramax,1.66,synthetic_generated
2016-08-01,R4,Indonesia,Kalimantan,Kamarajar,Coal,Supramax,1.43,synthetic_generated
2016-09-01,R4,Indonesia,Kalimantan,Kamarajar,Coal,Supramax,1.78,synthetic_generated
2016-10-01,R4,Indonesia,Kalimantan,Kamarajar,Coal,Supramax,1.65,synthetic_generated
2016-11-01,R4,Indonesia,Kalimantan,Kamarajar,Coal,Supramax,1.98,synthetic_generated
2016-12-01,R4,Indonesia,Kalimantan,Kamarajar,Coal,Supramax,2.08,synthetic_generated
2017-01-01,R4,Indonesia,Kalimantan,Kamarajar,Coal,Supramax,3.58,synthetic_generated
2017-02-01,R4,Indonesia,Kalimantan,Kamarajar,Coal,Supramax,3.87,synthetic_generated
2017-03-01,R4,Indonesia,Kalimantan,Kamarajar,Coal,Supramax,3.6,synthetic_generated
2017-04-01,R4,Indonesia,Kalimantan,Kamarajar,Coal,Supramax,3.64,synthetic_generated
2017-05-01,R4,Indonesia,Kalimantan,Kamarajar,Coal,Supramax,3.72,synthetic_generated
2017-06-01,R4,Indonesia,Kalimantan,Kamarajar,Coal,Supramax,3.47,synthetic_generated
2017-07-01,R4,Indonesia,Kalimantan,Kamarajar,Coal,Supramax,3.33,synthetic_generated
2017-08-01,R4,Indonesia,Kalimantan,Kamarajar,Coal,Supramax,3.6,synthetic_generated
2017-09-01,R4,Indonesia,Kalimantan,Kamarajar,Coal,Supramax,3.74,synthetic_generated
2017-10-01,R4,Indonesia,Kalimantan,Kamarajar,Coal,Supramax,3.29,synthetic_generated
2017-11-01,R4,Indonesia,Kalimantan,Kamarajar,Coal,Supramax,3.82,synthetic_generated
2017-12-01,R4,Indonesia,Kalimantan,Kamarajar,Coal,Supramax,3.52,synthetic_generated
2018-01-01,R4,Indonesia,Kalimantan,Kamarajar,Coal,Supramax,4.84,synthetic_generated
2018-02-01,R4,Indonesia,Kalimantan,Kamarajar,Coal,Supramax,4.44,synthetic_generated
2018-03-01,R4,Indonesia,Kalimantan,Kamarajar,Coal,Supramax,4.42,synthetic_generated
2018-04-01,R4,Indonesia,Kalimantan,Kamarajar,Coal,Supramax,4.69,synthetic_generated
2018-05-01,R4,Indonesia,Kalimantan,Kamarajar,Coal,Supramax,4.87,synthetic_generated
2018-06-01,R4,Indonesia,Kalimantan,Kamarajar,Coal,Supramax,4.71,synthetic_generated
2018-07-01,R4,Indonesia,Kalimantan,Kamarajar,Coal,Supramax,4.93,synthetic_generated
2018-08-01,R4,Indonesia,Kalimantan,Kamarajar,Coal,Supramax,4.83,synthetic_generated
2018-09-01,R4,Indonesia,Kalimantan,Kamarajar,Coal,Supramax,4.24,synthetic_generated
2018-10-01,R4,Indonesia,Kalimantan,Kamarajar,Coal,Supramax,4.19,synthetic_generated
2018-11-01,R4,Indonesia,Kalimantan,Kamarajar,Coal,Supramax,3.82,synthetic_generated
2018-12-01,R4,Indonesia,Kalimantan,Kamarajar,Coal,Supramax,4.25,synthetic_generated
2019-01-01,R4,Indonesia,Kalimantan,Kamarajar,Coal,Supramax,4.04,synthetic_generated
2019-02-01,R4,Indonesia,Kalimantan,Kamarajar,Coal,Supramax,4.57,synthetic_generated
2019-03-01,R4,Indonesia,Kalimantan,Kamarajar,Coal,Supramax,4.61,synthetic_generated
2019-04-01,R4,Indonesia,Kalimantan,Kamarajar,Coal,Supramax,4.37,synthetic_generated
2019-05-01,R4,Indonesia,Kalimantan,Kamarajar,Coal,Supramax,4.19,synthetic_generated
2019-06-01,R4,Indonesia,Kalimantan,Kamarajar,Coal,Supramax,4.19,synthetic_generated
2019-07-01,R4,Indonesia,Kalimantan,Kamarajar,Coal,Supramax,5.06,synthetic_generated
2019-08-01,R4,Indonesia,Kalimantan,Kamarajar,Coal,Supramax,4.62,synthetic_generated
2019-09-01,R4,Indonesia,Kalimantan,Kamarajar,Coal,Supramax,4.34,synthetic_generated
2019-10-01,R4,Indonesia,Kalimantan,Kamarajar,Coal,Supramax,4.15,synthetic_generated
2019-11-01,R4,Indonesia,Kalimantan,Kamarajar,Coal,Supramax,4.38,synthetic_generated
2019-12-01,R4,Indonesia,Kalimantan,Kamarajar,Coal,Supramax,4.79,synthetic_generated
2020-01-01,R4,Indonesia,Kalimantan,Kamarajar,Coal,Supramax,2.92,synthetic_generated
2020-02-01,R4,Indonesia,Kalimantan,Kamarajar,Coal,Supramax,3.24,synthetic_generated
2020-03-01,R4,Indonesia,Kalimantan,Kamarajar,Coal,Supramax,3.27,synthetic_generated
2020-04-01,R4,Indonesia,Kalimantan,Kamarajar,Coal,Supramax,1.87,synthetic_generated
2020-05-01,R4,Indonesia,Kalimantan,Kamarajar,Coal,Supramax,1.94,synthetic_generated
2020-06-01,R4,Indonesia,Kalimantan,Kamarajar,Coal,Supramax,1.97,synthetic_generated
2020-07-01,R4,Indonesia,Kalimantan,Kamarajar,Coal,Supramax,2.7,synthetic_generated
2020-08-01,R4,Indonesia,Kalimantan,Kamarajar,Coal,Supramax,2.89,synthetic_generated
2020-09-01,R4,Indonesia,Kalimantan,Kamarajar,Coal,Supramax,2.91,synthetic_generated
2020-10-01,R4,Indonesia,Kalimantan,Kamarajar,Coal,Supramax,2.72,synthetic_generated
2020-11-01,R4,Indonesia,Kalimantan,Kamarajar,Coal,Supramax,2.57,synthetic_generated
2020-12-01,R4,Indonesia,Kalimantan,Kamarajar,Coal,Supramax,3.62,synthetic_generated
2021-01-01,R4,Indonesia,Kalimantan,Kamarajar,Coal,Supramax,10.72,synthetic_generated
2021-02-01,R4,Indonesia,Kalimantan,Kamarajar,Coal,Supramax,11.03,synthetic_generated
2021-03-01,R4,Indonesia,Kalimantan,Kamarajar,Coal,Supramax,10.13,synthetic_generated
2021-04-01,R4,Indonesia,Kalimantan,Kamarajar,Coal,Supramax,9.89,synthetic_generated
2021-05-01,R4,Indonesia,Kalimantan,Kamarajar,Coal,Supramax,11.05,synthetic_generated
2021-06-01,R4,Indonesia,Kalimantan,Kamarajar,Coal,Supramax,11.16,synthetic_generated
2021-07-01,R4,Indonesia,Kalimantan,Kamarajar,Coal,Supramax,10.18,synthetic_generated
2021-08-01,R4,Indonesia,Kalimantan,Kamarajar,Coal,Supramax,9.54,synthetic_generated
2021-09-01,R4,Indonesia,Kalimantan,Kamarajar,Coal,Supramax,12.43,synthetic_generated
2021-10-01,R4,Indonesia,Kalimantan,Kamarajar,Coal,Supramax,12.91,synthetic_generated
2021-11-01,R4,Indonesia,Kalimantan,Kamarajar,Coal,Supramax,12.4,synthetic_generated
2021-12-01,R4,Indonesia,Kalimantan,Kamarajar,Coal,Supramax,9.38,synthetic_generated
2022-01-01,R4,Indonesia,Kalimantan,Kamarajar,Coal,Supramax,8.21,synthetic_generated
2022-02-01,R4,Indonesia,Kalimantan,Kamarajar,Coal,Supramax,8.27,synthetic_generated
2022-03-01,R4,Indonesia,Kalimantan,Kamarajar,Coal,Supramax,7.5,synthetic_generated
2022-04-01,R4,Indonesia,Kalimantan,Kamarajar,Coal,Supramax,8.66,synthetic_generated
2022-05-01,R4,Indonesia,Kalimantan,Kamarajar,Coal,Supramax,8.3,synthetic_generated
2022-06-01,R4,Indonesia,Kalimantan,Kamarajar,Coal,Supramax,9.27,synthetic_generated
2022-07-01,R4,Indonesia,Kalimantan,Kamarajar,Coal,Supramax,9.54,synthetic_generated
2022-08-01,R4,Indonesia,Kalimantan,Kamarajar,Coal,Supramax,9.28,synthetic_generated
2022-09-01,R4,Indonesia,Kalimantan,Kamarajar,Coal,Supramax,8.41,synthetic_generated
2022-10-01,R4,Indonesia,Kalimantan,Kamarajar,Coal,Supramax,7.43,synthetic_generated
2022-11-01,R4,Indonesia,Kalimantan,Kamarajar,Coal,Supramax,8.97,synthetic_generated
2022-12-01,R4,Indonesia,Kalimantan,Kamarajar,Coal,Supramax,7.87,synthetic_generated
2023-01-01,R4,Indonesia,Kalimantan,Kamarajar,Coal,Supramax,5.78,synthetic_generated
2023-02-01,R4,Indonesia,Kalimantan,Kamarajar,Coal,Supramax,6.03,synthetic_generated
2023-03-01,R4,Indonesia,Kalimantan,Kamarajar,Coal,Supramax,6.18,synthetic_generated
2023-04-01,R4,Indonesia,Kalimantan,Kamarajar,Coal,Supramax,5.98,synthetic_generated
2023-05-01,R4,Indonesia,Kalimantan,Kamarajar,Coal,Supramax,5.4,synthetic_generated
2023-06-01,R4,Indonesia,Kalimantan,Kamarajar,Coal,Supramax,5.56,synthetic_generated
2023-07-01,R4,Indonesia,Kalimantan,Kamarajar,Coal,Supramax,5.44,synthetic_generated
2023-08-01,R4,Indonesia,Kalimantan,Kamarajar,Coal,Supramax,5.0,synthetic_generated
2023-09-01,R4,Indonesia,Kalimantan,Kamarajar,Coal,Supramax,4.93,synthetic_generated
2023-10-01,R4,Indonesia,Kalimantan,Kamarajar,Coal,Supramax,4.98,synthetic_generated
2023-11-01,R4,Indonesia,Kalimantan,Kamarajar,Coal,Supramax,5.52,synthetic_generated
2023-12-01,R4,Indonesia,Kalimantan,Kamarajar,Coal,Supramax,6.3,synthetic_generated
2024-01-01,R4,Indonesia,Kalimantan,Kamarajar,Coal,Supramax,4.94,synthetic_generated
2024-02-01,R4,Indonesia,Kalimantan,Kamarajar,Coal,Supramax,6.15,synthetic_generated
2024-03-01,R4,Indonesia,Kalimantan,Kamarajar,Coal,Supramax,5.8,synthetic_generated
2024-04-01,R4,Indonesia,Kalimantan,Kamarajar,Coal,Supramax,4.87,synthetic_generated
2024-05-01,R4,Indonesia,Kalimantan,Kamarajar,Coal,Supramax,5.22,synthetic_generated
2024-06-01,R4,Indonesia,Kalimantan,Kamarajar,Coal,Supramax,6.01,synthetic_generated
2024-07-01,R4,Indonesia,Kalimantan,Kamarajar,Coal,Supramax,5.4,synthetic_generated
2024-08-01,R4,Indonesia,Kalimantan,Kamarajar,Coal,Supramax,5.46,synthetic_generated
2024-09-01,R4,Indonesia,Kalimantan,Kamarajar,Coal,Supramax,5.27,synthetic_generated
2024-10-01,R4,Indonesia,Kalimantan,Kamarajar,Coal,Supramax,5.38,synthetic_generated
2024-11-01,R4,Indonesia,Kalimantan,Kamarajar,Coal,Supramax,5.62,synthetic_generated
2024-12-01,R4,Indonesia,Kalimantan,Kamarajar,Coal,Supramax,6.11,synthetic_generated
2025-01-01,R4,Indonesia,Kalimantan,Kamarajar,Coal,Supramax,5.87,synthetic_generated
2025-02-01,R4,Indonesia,Kalimantan,Kamarajar,Coal,Supramax,5.26,synthetic_generated
2025-03-01,R4,Indonesia,Kalimantan,Kamarajar,Coal,Supramax,5.77,synthetic_generated
2025-04-01,R4,Indonesia,Kalimantan,Kamarajar,Coal,Supramax,5.63,synthetic_generated
2025-05-01,R4,Indonesia,Kalimantan,Kamarajar,Coal,Supramax,5.12,synthetic_generated
2025-06-01,R4,Indonesia,Kalimantan,Kamarajar,Coal,Supramax,6.37,synthetic_generated
2025-07-01,R4,Indonesia,Kalimantan,Kamarajar,Coal,Supramax,5.52,synthetic_generated
2025-08-01,R4,Indonesia,Kalimantan,Kamarajar,Coal,Supramax,5.12,synthetic_generated
2025-09-01,R4,Indonesia,Kalimantan,Kamarajar,Coal,Supramax,5.33,synthetic_generated
2025-10-01,R4,Indonesia,Kalimantan,Kamarajar,Coal,Supramax,4.79,synthetic_generated
2025-11-01,R4,Indonesia,Kalimantan,Kamarajar,Coal,Supramax,4.41,synthetic_generated
2025-12-01,R4,Indonesia,Kalimantan,Kamarajar,Coal,Supramax,5.03,synthetic_generated
2026-01-01,R4,Indonesia,Kalimantan,Kamarajar,Coal,Supramax,4.22,synthetic_generated
2026-02-01,R4,Indonesia,Kalimantan,Kamarajar,Coal,Supramax,4.92,synthetic_generated
2026-03-01,R4,Indonesia,Kalimantan,Kamarajar,Coal,Supramax,4.79,synthetic_generated
2026-04-01,R4,Indonesia,Kalimantan,Kamarajar,Coal,Supramax,4.91,synthetic_generated
2026-05-01,R4,Indonesia,Kalimantan,Kamarajar,Coal,Supramax,4.73,synthetic_generated
2026-06-01,R4,Indonesia,Kalimantan,Kamarajar,Coal,Supramax,4.43,synthetic_generated
2026-07-01,R4,Indonesia,Kalimantan,Kamarajar,Coal,Supramax,4.93,synthetic_generated
2026-08-01,R4,Indonesia,Kalimantan,Kamarajar,Coal,Supramax,4.2,synthetic_generated
2015-01-01,R5,Australia,Port Hedland,Chennai,Iron Ore,Capesize,7.37,synthetic_generated
2015-02-01,R5,Australia,Port Hedland,Chennai,Iron Ore,Capesize,8.25,synthetic_generated
2015-03-01,R5,Australia,Port Hedland,Chennai,Iron Ore,Capesize,8.0,synthetic_generated
2015-04-01,R5,Australia,Port Hedland,Chennai,Iron Ore,Capesize,8.26,synthetic_generated
2015-05-01,R5,Australia,Port Hedland,Chennai,Iron Ore,Capesize,7.63,synthetic_generated
2015-06-01,R5,Australia,Port Hedland,Chennai,Iron Ore,Capesize,8.4,synthetic_generated
2015-07-01,R5,Australia,Port Hedland,Chennai,Iron Ore,Capesize,7.85,synthetic_generated
2015-08-01,R5,Australia,Port Hedland,Chennai,Iron Ore,Capesize,8.97,synthetic_generated
2015-09-01,R5,Australia,Port Hedland,Chennai,Iron Ore,Capesize,6.86,synthetic_generated
2015-10-01,R5,Australia,Port Hedland,Chennai,Iron Ore,Capesize,8.0,synthetic_generated
2015-11-01,R5,Australia,Port Hedland,Chennai,Iron Ore,Capesize,7.44,synthetic_generated
2015-12-01,R5,Australia,Port Hedland,Chennai,Iron Ore,Capesize,7.49,synthetic_generated
2016-01-01,R5,Australia,Port Hedland,Chennai,Iron Ore,Capesize,7.04,synthetic_generated
2016-02-01,R5,Australia,Port Hedland,Chennai,Iron Ore,Capesize,6.69,synthetic_generated
2016-03-01,R5,Australia,Port Hedland,Chennai,Iron Ore,Capesize,5.83,synthetic_generated
2016-04-01,R5,Australia,Port Hedland,Chennai,Iron Ore,Capesize,5.84,synthetic_generated
2016-05-01,R5,Australia,Port Hedland,Chennai,Iron Ore,Capesize,4.8,synthetic_generated
2016-06-01,R5,Australia,Port Hedland,Chennai,Iron Ore,Capesize,5.0,synthetic_generated
2016-07-01,R5,Australia,Port Hedland,Chennai,Iron Ore,Capesize,3.98,synthetic_generated
2016-08-01,R5,Australia,Port Hedland,Chennai,Iron Ore,Capesize,3.05,synthetic_generated
2016-09-01,R5,Australia,Port Hedland,Chennai,Iron Ore,Capesize,4.02,synthetic_generated
2016-10-01,R5,Australia,Port Hedland,Chennai,Iron Ore,Capesize,3.49,synthetic_generated
2016-11-01,R5,Australia,Port Hedland,Chennai,Iron Ore,Capesize,4.05,synthetic_generated
2016-12-01,R5,Australia,Port Hedland,Chennai,Iron Ore,Capesize,4.4,synthetic_generated
2017-01-01,R5,Australia,Port Hedland,Chennai,Iron Ore,Capesize,8.11,synthetic_generated
2017-02-01,R5,Australia,Port Hedland,Chennai,Iron Ore,Capesize,8.57,synthetic_generated
2017-03-01,R5,Australia,Port Hedland,Chennai,Iron Ore,Capesize,8.37,synthetic_generated
2017-04-01,R5,Australia,Port Hedland,Chennai,Iron Ore,Capesize,8.77,synthetic_generated
2017-05-01,R5,Australia,Port Hedland,Chennai,Iron Ore,Capesize,7.88,synthetic_generated
2017-06-01,R5,Australia,Port Hedland,Chennai,Iron Ore,Capesize,7.91,synthetic_generated
2017-07-01,R5,Australia,Port Hedland,Chennai,Iron Ore,Capesize,7.6,synthetic_generated
2017-08-01,R5,Australia,Port Hedland,Chennai,Iron Ore,Capesize,7.94,synthetic_generated
2017-09-01,R5,Australia,Port Hedland,Chennai,Iron Ore,Capesize,8.44,synthetic_generated
2017-10-01,R5,Australia,Port Hedland,Chennai,Iron Ore,Capesize,6.7,synthetic_generated
2017-11-01,R5,Australia,Port Hedland,Chennai,Iron Ore,Capesize,8.66,synthetic_generated
2017-12-01,R5,Australia,Port Hedland,Chennai,Iron Ore,Capesize,8.37,synthetic_generated
2018-01-01,R5,Australia,Port Hedland,Chennai,Iron Ore,Capesize,11.27,synthetic_generated
2018-02-01,R5,Australia,Port Hedland,Chennai,Iron Ore,Capesize,11.11,synthetic_generated
2018-03-01,R5,Australia,Port Hedland,Chennai,Iron Ore,Capesize,11.09,synthetic_generated
2018-04-01,R5,Australia,Port Hedland,Chennai,Iron Ore,Capesize,10.96,synthetic_generated
2018-05-01,R5,Australia,Port Hedland,Chennai,Iron Ore,Capesize,9.66,synthetic_generated
2018-06-01,R5,Australia,Port Hedland,Chennai,Iron Ore,Capesize,10.47,synthetic_generated
2018-07-01,R5,Australia,Port Hedland,Chennai,Iron Ore,Capesize,10.37,synthetic_generated
2018-08-01,R5,Australia,Port Hedland,Chennai,Iron Ore,Capesize,10.27,synthetic_generated
2018-09-01,R5,Australia,Port Hedland,Chennai,Iron Ore,Capesize,9.67,synthetic_generated
2018-10-01,R5,Australia,Port Hedland,Chennai,Iron Ore,Capesize,8.36,synthetic_generated
2018-11-01,R5,Australia,Port Hedland,Chennai,Iron Ore,Capesize,9.1,synthetic_generated
2018-12-01,R5,Australia,Port Hedland,Chennai,Iron Ore,Capesize,9.88,synthetic_generated
2019-01-01,R5,Australia,Port Hedland,Chennai,Iron Ore,Capesize,9.75,synthetic_generated
2019-02-01,R5,Australia,Port Hedland,Chennai,Iron Ore,Capesize,8.96,synthetic_generated
2019-03-01,R5,Australia,Port Hedland,Chennai,Iron Ore,Capesize,9.65,synthetic_generated
2019-04-01,R5,Australia,Port Hedland,Chennai,Iron Ore,Capesize,9.26,synthetic_generated
2019-05-01,R5,Australia,Port Hedland,Chennai,Iron Ore,Capesize,8.9,synthetic_generated
2019-06-01,R5,Australia,Port Hedland,Chennai,Iron Ore,Capesize,10.61,synthetic_generated
2019-07-01,R5,Australia,Port Hedland,Chennai,Iron Ore,Capesize,9.74,synthetic_generated
2019-08-01,R5,Australia,Port Hedland,Chennai,Iron Ore,Capesize,11.76,synthetic_generated
2019-09-01,R5,Australia,Port Hedland,Chennai,Iron Ore,Capesize,10.03,synthetic_generated
2019-10-01,R5,Australia,Port Hedland,Chennai,Iron Ore,Capesize,9.17,synthetic_generated
2019-11-01,R5,Australia,Port Hedland,Chennai,Iron Ore,Capesize,9.27,synthetic_generated
2019-12-01,R5,Australia,Port Hedland,Chennai,Iron Ore,Capesize,11.1,synthetic_generated
2020-01-01,R5,Australia,Port Hedland,Chennai,Iron Ore,Capesize,6.7,synthetic_generated
2020-02-01,R5,Australia,Port Hedland,Chennai,Iron Ore,Capesize,7.23,synthetic_generated
2020-03-01,R5,Australia,Port Hedland,Chennai,Iron Ore,Capesize,7.64,synthetic_generated
2020-04-01,R5,Australia,Port Hedland,Chennai,Iron Ore,Capesize,3.94,synthetic_generated
2020-05-01,R5,Australia,Port Hedland,Chennai,Iron Ore,Capesize,4.3,synthetic_generated
2020-06-01,R5,Australia,Port Hedland,Chennai,Iron Ore,Capesize,4.41,synthetic_generated
2020-07-01,R5,Australia,Port Hedland,Chennai,Iron Ore,Capesize,6.43,synthetic_generated
2020-08-01,R5,Australia,Port Hedland,Chennai,Iron Ore,Capesize,7.17,synthetic_generated
2020-09-01,R5,Australia,Port Hedland,Chennai,Iron Ore,Capesize,6.38,synthetic_generated
2020-10-01,R5,Australia,Port Hedland,Chennai,Iron Ore,Capesize,6.36,synthetic_generated
2020-11-01,R5,Australia,Port Hedland,Chennai,Iron Ore,Capesize,6.59,synthetic_generated
2020-12-01,R5,Australia,Port Hedland,Chennai,Iron Ore,Capesize,7.41,synthetic_generated
2021-01-01,R5,Australia,Port Hedland,Chennai,Iron Ore,Capesize,25.26,synthetic_generated
2021-02-01,R5,Australia,Port Hedland,Chennai,Iron Ore,Capesize,26.8,synthetic_generated
2021-03-01,R5,Australia,Port Hedland,Chennai,Iron Ore,Capesize,24.94,synthetic_generated
2021-04-01,R5,Australia,Port Hedland,Chennai,Iron Ore,Capesize,22.53,synthetic_generated
2021-05-01,R5,Australia,Port Hedland,Chennai,Iron Ore,Capesize,23.18,synthetic_generated
2021-06-01,R5,Australia,Port Hedland,Chennai,Iron Ore,Capesize,24.89,synthetic_generated
2021-07-01,R5,Australia,Port Hedland,Chennai,Iron Ore,Capesize,24.57,synthetic_generated
2021-08-01,R5,Australia,Port Hedland,Chennai,Iron Ore,Capesize,23.83,synthetic_generated
2021-09-01,R5,Australia,Port Hedland,Chennai,Iron Ore,Capesize,28.9,synthetic_generated
2021-10-01,R5,Australia,Port Hedland,Chennai,Iron Ore,Capesize,25.21,synthetic_generated
2021-11-01,R5,Australia,Port Hedland,Chennai,Iron Ore,Capesize,29.02,synthetic_generated
2021-12-01,R5,Australia,Port Hedland,Chennai,Iron Ore,Capesize,23.7,synthetic_generated
2022-01-01,R5,Australia,Port Hedland,Chennai,Iron Ore,Capesize,19.37,synthetic_generated
2022-02-01,R5,Australia,Port Hedland,Chennai,Iron Ore,Capesize,20.02,synthetic_generated
2022-03-01,R5,Australia,Port Hedland,Chennai,Iron Ore,Capesize,20.48,synthetic_generated
2022-04-01,R5,Australia,Port Hedland,Chennai,Iron Ore,Capesize,20.15,synthetic_generated
2022-05-01,R5,Australia,Port Hedland,Chennai,Iron Ore,Capesize,18.97,synthetic_generated
2022-06-01,R5,Australia,Port Hedland,Chennai,Iron Ore,Capesize,18.63,synthetic_generated
2022-07-01,R5,Australia,Port Hedland,Chennai,Iron Ore,Capesize,20.23,synthetic_generated
2022-08-01,R5,Australia,Port Hedland,Chennai,Iron Ore,Capesize,20.12,synthetic_generated
2022-09-01,R5,Australia,Port Hedland,Chennai,Iron Ore,Capesize,19.58,synthetic_generated
2022-10-01,R5,Australia,Port Hedland,Chennai,Iron Ore,Capesize,16.7,synthetic_generated
2022-11-01,R5,Australia,Port Hedland,Chennai,Iron Ore,Capesize,17.03,synthetic_generated
2022-12-01,R5,Australia,Port Hedland,Chennai,Iron Ore,Capesize,18.72,synthetic_generated
2023-01-01,R5,Australia,Port Hedland,Chennai,Iron Ore,Capesize,13.07,synthetic_generated
2023-02-01,R5,Australia,Port Hedland,Chennai,Iron Ore,Capesize,14.14,synthetic_generated
2023-03-01,R5,Australia,Port Hedland,Chennai,Iron Ore,Capesize,13.88,synthetic_generated
2023-04-01,R5,Australia,Port Hedland,Chennai,Iron Ore,Capesize,13.67,synthetic_generated
2023-05-01,R5,Australia,Port Hedland,Chennai,Iron Ore,Capesize,13.19,synthetic_generated
2023-06-01,R5,Australia,Port Hedland,Chennai,Iron Ore,Capesize,12.62,synthetic_generated
2023-07-01,R5,Australia,Port Hedland,Chennai,Iron Ore,Capesize,12.41,synthetic_generated
2023-08-01,R5,Australia,Port Hedland,Chennai,Iron Ore,Capesize,11.38,synthetic_generated
2023-09-01,R5,Australia,Port Hedland,Chennai,Iron Ore,Capesize,11.33,synthetic_generated
2023-10-01,R5,Australia,Port Hedland,Chennai,Iron Ore,Capesize,11.04,synthetic_generated
2023-11-01,R5,Australia,Port Hedland,Chennai,Iron Ore,Capesize,12.81,synthetic_generated
2023-12-01,R5,Australia,Port Hedland,Chennai,Iron Ore,Capesize,12.96,synthetic_generated
2024-01-01,R5,Australia,Port Hedland,Chennai,Iron Ore,Capesize,13.71,synthetic_generated
2024-02-01,R5,Australia,Port Hedland,Chennai,Iron Ore,Capesize,12.63,synthetic_generated
2024-03-01,R5,Australia,Port Hedland,Chennai,Iron Ore,Capesize,12.25,synthetic_generated
2024-04-01,R5,Australia,Port Hedland,Chennai,Iron Ore,Capesize,12.03,synthetic_generated
2024-05-01,R5,Australia,Port Hedland,Chennai,Iron Ore,Capesize,12.92,synthetic_generated
2024-06-01,R5,Australia,Port Hedland,Chennai,Iron Ore,Capesize,14.03,synthetic_generated
2024-07-01,R5,Australia,Port Hedland,Chennai,Iron Ore,Capesize,13.85,synthetic_generated
2024-08-01,R5,Australia,Port Hedland,Chennai,Iron Ore,Capesize,11.92,synthetic_generated
2024-09-01,R5,Australia,Port Hedland,Chennai,Iron Ore,Capesize,12.82,synthetic_generated
2024-10-01,R5,Australia,Port Hedland,Chennai,Iron Ore,Capesize,11.7,synthetic_generated
2024-11-01,R5,Australia,Port Hedland,Chennai,Iron Ore,Capesize,12.23,synthetic_generated
2024-12-01,R5,Australia,Port Hedland,Chennai,Iron Ore,Capesize,13.72,synthetic_generated
2025-01-01,R5,Australia,Port Hedland,Chennai,Iron Ore,Capesize,12.51,synthetic_generated
2025-02-01,R5,Australia,Port Hedland,Chennai,Iron Ore,Capesize,13.53,synthetic_generated
2025-03-01,R5,Australia,Port Hedland,Chennai,Iron Ore,Capesize,14.98,synthetic_generated
2025-04-01,R5,Australia,Port Hedland,Chennai,Iron Ore,Capesize,12.24,synthetic_generated
2025-05-01,R5,Australia,Port Hedland,Chennai,Iron Ore,Capesize,12.08,synthetic_generated
2025-06-01,R5,Australia,Port Hedland,Chennai,Iron Ore,Capesize,14.94,synthetic_generated
2025-07-01,R5,Australia,Port Hedland,Chennai,Iron Ore,Capesize,13.65,synthetic_generated
2025-08-01,R5,Australia,Port Hedland,Chennai,Iron Ore,Capesize,11.52,synthetic_generated
2025-09-01,R5,Australia,Port Hedland,Chennai,Iron Ore,Capesize,11.43,synthetic_generated
2025-10-01,R5,Australia,Port Hedland,Chennai,Iron Ore,Capesize,10.48,synthetic_generated
2025-11-01,R5,Australia,Port Hedland,Chennai,Iron Ore,Capesize,9.5,synthetic_generated
2025-12-01,R5,Australia,Port Hedland,Chennai,Iron Ore,Capesize,10.28,synthetic_generated
2026-01-01,R5,Australia,Port Hedland,Chennai,Iron Ore,Capesize,9.6,synthetic_generated
2026-02-01,R5,Australia,Port Hedland,Chennai,Iron Ore,Capesize,10.4,synthetic_generated
2026-03-01,R5,Australia,Port Hedland,Chennai,Iron Ore,Capesize,10.53,synthetic_generated
2026-04-01,R5,Australia,Port Hedland,Chennai,Iron Ore,Capesize,11.43,synthetic_generated
2026-05-01,R5,Australia,Port Hedland,Chennai,Iron Ore,Capesize,11.36,synthetic_generated
2026-06-01,R5,Australia,Port Hedland,Chennai,Iron Ore,Capesize,10.18,synthetic_generated
2026-07-01,R5,Australia,Port Hedland,Chennai,Iron Ore,Capesize,11.2,synthetic_generated
2026-08-01,R5,Australia,Port Hedland,Chennai,Iron Ore,Capesize,9.51,synthetic_generated
2015-01-01,R6,USA,Norfolk,Haldia,Bulk Minerals And Ores,Panamax,11.54,synthetic_generated
2015-02-01,R6,USA,Norfolk,Haldia,Bulk Minerals And Ores,Panamax,12.4,synthetic_generated
2015-03-01,R6,USA,Norfolk,Haldia,Bulk Minerals And Ores,Panamax,11.97,synthetic_generated
2015-04-01,R6,USA,Norfolk,Haldia,Bulk Minerals And Ores,Panamax,13.85,synthetic_generated
2015-05-01,R6,USA,Norfolk,Haldia,Bulk Minerals And Ores,Panamax,12.76,synthetic_generated
2015-06-01,R6,USA,Norfolk,Haldia,Bulk Minerals And Ores,Panamax,12.77,synthetic_generated
2015-07-01,R6,USA,Norfolk,Haldia,Bulk Minerals And Ores,Panamax,13.02,synthetic_generated
2015-08-01,R6,USA,Norfolk,Haldia,Bulk Minerals And Ores,Panamax,14.16,synthetic_generated
2015-09-01,R6,USA,Norfolk,Haldia,Bulk Minerals And Ores,Panamax,11.34,synthetic_generated
2015-10-01,R6,USA,Norfolk,Haldia,Bulk Minerals And Ores,Panamax,10.98,synthetic_generated
2015-11-01,R6,USA,Norfolk,Haldia,Bulk Minerals And Ores,Panamax,10.91,synthetic_generated
2015-12-01,R6,USA,Norfolk,Haldia,Bulk Minerals And Ores,Panamax,11.19,synthetic_generated
2016-01-01,R6,USA,Norfolk,Haldia,Bulk Minerals And Ores,Panamax,10.72,synthetic_generated
2016-02-01,R6,USA,Norfolk,Haldia,Bulk Minerals And Ores,Panamax,10.63,synthetic_generated
2016-03-01,R6,USA,Norfolk,Haldia,Bulk Minerals And Ores,Panamax,9.57,synthetic_generated
2016-04-01,R6,USA,Norfolk,Haldia,Bulk Minerals And Ores,Panamax,8.22,synthetic_generated
2016-05-01,R6,USA,Norfolk,Haldia,Bulk Minerals And Ores,Panamax,7.0,synthetic_generated
2016-06-01,R6,USA,Norfolk,Haldia,Bulk Minerals And Ores,Panamax,7.76,synthetic_generated
2016-07-01,R6,USA,Norfolk,Haldia,Bulk Minerals And Ores,Panamax,6.03,synthetic_generated
2016-08-01,R6,USA,Norfolk,Haldia,Bulk Minerals And Ores,Panamax,4.82,synthetic_generated
2016-09-01,R6,USA,Norfolk,Haldia,Bulk Minerals And Ores,Panamax,6.11,synthetic_generated
2016-10-01,R6,USA,Norfolk,Haldia,Bulk Minerals And Ores,Panamax,5.39,synthetic_generated
2016-11-01,R6,USA,Norfolk,Haldia,Bulk Minerals And Ores,Panamax,7.16,synthetic_generated
2016-12-01,R6,USA,Norfolk,Haldia,Bulk Minerals And Ores,Panamax,7.06,synthetic_generated
2017-01-01,R6,USA,Norfolk,Haldia,Bulk Minerals And Ores,Panamax,11.92,synthetic_generated
2017-02-01,R6,USA,Norfolk,Haldia,Bulk Minerals And Ores,Panamax,12.98,synthetic_generated
2017-03-01,R6,USA,Norfolk,Haldia,Bulk Minerals And Ores,Panamax,12.97,synthetic_generated
2017-04-01,R6,USA,Norfolk,Haldia,Bulk Minerals And Ores,Panamax,13.4,synthetic_generated
2017-05-01,R6,USA,Norfolk,Haldia,Bulk Minerals And Ores,Panamax,12.79,synthetic_generated
2017-06-01,R6,USA,Norfolk,Haldia,Bulk Minerals And Ores,Panamax,13.84,synthetic_generated
2017-07-01,R6,USA,Norfolk,Haldia,Bulk Minerals And Ores,Panamax,11.42,synthetic_generated
2017-08-01,R6,USA,Norfolk,Haldia,Bulk Minerals And Ores,Panamax,12.26,synthetic_generated
2017-09-01,R6,USA,Norfolk,Haldia,Bulk Minerals And Ores,Panamax,11.78,synthetic_generated
2017-10-01,R6,USA,Norfolk,Haldia,Bulk Minerals And Ores,Panamax,10.79,synthetic_generated
2017-11-01,R6,USA,Norfolk,Haldia,Bulk Minerals And Ores,Panamax,12.57,synthetic_generated
2017-12-01,R6,USA,Norfolk,Haldia,Bulk Minerals And Ores,Panamax,13.63,synthetic_generated
2018-01-01,R6,USA,Norfolk,Haldia,Bulk Minerals And Ores,Panamax,16.57,synthetic_generated
2018-02-01,R6,USA,Norfolk,Haldia,Bulk Minerals And Ores,Panamax,16.38,synthetic_generated
2018-03-01,R6,USA,Norfolk,Haldia,Bulk Minerals And Ores,Panamax,15.64,synthetic_generated
2018-04-01,R6,USA,Norfolk,Haldia,Bulk Minerals And Ores,Panamax,16.91,synthetic_generated
2018-05-01,R6,USA,Norfolk,Haldia,Bulk Minerals And Ores,Panamax,18.33,synthetic_generated
2018-06-01,R6,USA,Norfolk,Haldia,Bulk Minerals And Ores,Panamax,16.66,synthetic_generated
2018-07-01,R6,USA,Norfolk,Haldia,Bulk Minerals And Ores,Panamax,15.97,synthetic_generated
2018-08-01,R6,USA,Norfolk,Haldia,Bulk Minerals And Ores,Panamax,16.51,synthetic_generated
2018-09-01,R6,USA,Norfolk,Haldia,Bulk Minerals And Ores,Panamax,14.9,synthetic_generated
2018-10-01,R6,USA,Norfolk,Haldia,Bulk Minerals And Ores,Panamax,14.49,synthetic_generated
2018-11-01,R6,USA,Norfolk,Haldia,Bulk Minerals And Ores,Panamax,14.19,synthetic_generated
2018-12-01,R6,USA,Norfolk,Haldia,Bulk Minerals And Ores,Panamax,15.42,synthetic_generated
2019-01-01,R6,USA,Norfolk,Haldia,Bulk Minerals And Ores,Panamax,15.84,synthetic_generated
2019-02-01,R6,USA,Norfolk,Haldia,Bulk Minerals And Ores,Panamax,15.55,synthetic_generated
2019-03-01,R6,USA,Norfolk,Haldia,Bulk Minerals And Ores,Panamax,16.11,synthetic_generated
2019-04-01,R6,USA,Norfolk,Haldia,Bulk Minerals And Ores,Panamax,15.57,synthetic_generated
2019-05-01,R6,USA,Norfolk,Haldia,Bulk Minerals And Ores,Panamax,15.08,synthetic_generated
2019-06-01,R6,USA,Norfolk,Haldia,Bulk Minerals And Ores,Panamax,16.31,synthetic_generated
2019-07-01,R6,USA,Norfolk,Haldia,Bulk Minerals And Ores,Panamax,16.72,synthetic_generated
2019-08-01,R6,USA,Norfolk,Haldia,Bulk Minerals And Ores,Panamax,16.41,synthetic_generated
2019-09-01,R6,USA,Norfolk,Haldia,Bulk Minerals And Ores,Panamax,14.84,synthetic_generated
2019-10-01,R6,USA,Norfolk,Haldia,Bulk Minerals And Ores,Panamax,14.0,synthetic_generated
2019-11-01,R6,USA,Norfolk,Haldia,Bulk Minerals And Ores,Panamax,15.71,synthetic_generated
2019-12-01,R6,USA,Norfolk,Haldia,Bulk Minerals And Ores,Panamax,15.74,synthetic_generated
2020-01-01,R6,USA,Norfolk,Haldia,Bulk Minerals And Ores,Panamax,10.74,synthetic_generated
2020-02-01,R6,USA,Norfolk,Haldia,Bulk Minerals And Ores,Panamax,10.77,synthetic_generated
2020-03-01,R6,USA,Norfolk,Haldia,Bulk Minerals And Ores,Panamax,10.37,synthetic_generated
2020-04-01,R6,USA,Norfolk,Haldia,Bulk Minerals And Ores,Panamax,6.45,synthetic_generated
2020-05-01,R6,USA,Norfolk,Haldia,Bulk Minerals And Ores,Panamax,6.28,synthetic_generated
2020-06-01,R6,USA,Norfolk,Haldia,Bulk Minerals And Ores,Panamax,7.01,synthetic_generated
2020-07-01,R6,USA,Norfolk,Haldia,Bulk Minerals And Ores,Panamax,9.18,synthetic_generated
2020-08-01,R6,USA,Norfolk,Haldia,Bulk Minerals And Ores,Panamax,10.45,synthetic_generated
2020-09-01,R6,USA,Norfolk,Haldia,Bulk Minerals And Ores,Panamax,10.39,synthetic_generated
2020-10-01,R6,USA,Norfolk,Haldia,Bulk Minerals And Ores,Panamax,9.89,synthetic_generated
2020-11-01,R6,USA,Norfolk,Haldia,Bulk Minerals And Ores,Panamax,9.59,synthetic_generated
2020-12-01,R6,USA,Norfolk,Haldia,Bulk Minerals And Ores,Panamax,11.78,synthetic_generated
2021-01-01,R6,USA,Norfolk,Haldia,Bulk Minerals And Ores,Panamax,37.92,synthetic_generated
2021-02-01,R6,USA,Norfolk,Haldia,Bulk Minerals And Ores,Panamax,42.17,synthetic_generated
2021-03-01,R6,USA,Norfolk,Haldia,Bulk Minerals And Ores,Panamax,36.81,synthetic_generated
2021-04-01,R6,USA,Norfolk,Haldia,Bulk Minerals And Ores,Panamax,37.91,synthetic_generated
2021-05-01,R6,USA,Norfolk,Haldia,Bulk Minerals And Ores,Panamax,37.91,synthetic_generated
2021-06-01,R6,USA,Norfolk,Haldia,Bulk Minerals And Ores,Panamax,38.9,synthetic_generated
2021-07-01,R6,USA,Norfolk,Haldia,Bulk Minerals And Ores,Panamax,36.87,synthetic_generated
2021-08-01,R6,USA,Norfolk,Haldia,Bulk Minerals And Ores,Panamax,35.7,synthetic_generated
2021-09-01,R6,USA,Norfolk,Haldia,Bulk Minerals And Ores,Panamax,46.17,synthetic_generated
2021-10-01,R6,USA,Norfolk,Haldia,Bulk Minerals And Ores,Panamax,39.2,synthetic_generated
2021-11-01,R6,USA,Norfolk,Haldia,Bulk Minerals And Ores,Panamax,43.85,synthetic_generated
2021-12-01,R6,USA,Norfolk,Haldia,Bulk Minerals And Ores,Panamax,33.94,synthetic_generated
2022-01-01,R6,USA,Norfolk,Haldia,Bulk Minerals And Ores,Panamax,30.53,synthetic_generated
2022-02-01,R6,USA,Norfolk,Haldia,Bulk Minerals And Ores,Panamax,26.84,synthetic_generated
2022-03-01,R6,USA,Norfolk,Haldia,Bulk Minerals And Ores,Panamax,29.22,synthetic_generated
2022-04-01,R6,USA,Norfolk,Haldia,Bulk Minerals And Ores,Panamax,30.69,synthetic_generated
2022-05-01,R6,USA,Norfolk,Haldia,Bulk Minerals And Ores,Panamax,31.4,synthetic_generated
2022-06-01,R6,USA,Norfolk,Haldia,Bulk Minerals And Ores,Panamax,30.96,synthetic_generated
2022-07-01,R6,USA,Norfolk,Haldia,Bulk Minerals And Ores,Panamax,29.45,synthetic_generated
2022-08-01,R6,USA,Norfolk,Haldia,Bulk Minerals And Ores,Panamax,33.33,synthetic_generated
2022-09-01,R6,USA,Norfolk,Haldia,Bulk Minerals And Ores,Panamax,27.4,synthetic_generated
2022-10-01,R6,USA,Norfolk,Haldia,Bulk Minerals And Ores,Panamax,24.28,synthetic_generated
2022-11-01,R6,USA,Norfolk,Haldia,Bulk Minerals And Ores,Panamax,28.14,synthetic_generated
2022-12-01,R6,USA,Norfolk,Haldia,Bulk Minerals And Ores,Panamax,26.52,synthetic_generated
2023-01-01,R6,USA,Norfolk,Haldia,Bulk Minerals And Ores,Panamax,19.01,synthetic_generated
2023-02-01,R6,USA,Norfolk,Haldia,Bulk Minerals And Ores,Panamax,21.65,synthetic_generated
2023-03-01,R6,USA,Norfolk,Haldia,Bulk Minerals And Ores,Panamax,21.46,synthetic_generated
2023-04-01,R6,USA,Norfolk,Haldia,Bulk Minerals And Ores,Panamax,20.28,synthetic_generated
2023-05-01,R6,USA,Norfolk,Haldia,Bulk Minerals And Ores,Panamax,18.04,synthetic_generated
2023-06-01,R6,USA,Norfolk,Haldia,Bulk Minerals And Ores,Panamax,20.67,synthetic_generated
2023-07-01,R6,USA,Norfolk,Haldia,Bulk Minerals And Ores,Panamax,19.5,synthetic_generated
2023-08-01,R6,USA,Norfolk,Haldia,Bulk Minerals And Ores,Panamax,17.72,synthetic_generated
2023-09-01,R6,USA,Norfolk,Haldia,Bulk Minerals And Ores,Panamax,19.35,synthetic_generated
2023-10-01,R6,USA,Norfolk,Haldia,Bulk Minerals And Ores,Panamax,16.24,synthetic_generated
2023-11-01,R6,USA,Norfolk,Haldia,Bulk Minerals And Ores,Panamax,17.9,synthetic_generated
2023-12-01,R6,USA,Norfolk,Haldia,Bulk Minerals And Ores,Panamax,19.6,synthetic_generated
2024-01-01,R6,USA,Norfolk,Haldia,Bulk Minerals And Ores,Panamax,19.68,synthetic_generated
2024-02-01,R6,USA,Norfolk,Haldia,Bulk Minerals And Ores,Panamax,20.46,synthetic_generated
2024-03-01,R6,USA,Norfolk,Haldia,Bulk Minerals And Ores,Panamax,18.68,synthetic_generated
2024-04-01,R6,USA,Norfolk,Haldia,Bulk Minerals And Ores,Panamax,19.15,synthetic_generated
2024-05-01,R6,USA,Norfolk,Haldia,Bulk Minerals And Ores,Panamax,17.27,synthetic_generated
2024-06-01,R6,USA,Norfolk,Haldia,Bulk Minerals And Ores,Panamax,22.78,synthetic_generated
2024-07-01,R6,USA,Norfolk,Haldia,Bulk Minerals And Ores,Panamax,20.05,synthetic_generated
2024-08-01,R6,USA,Norfolk,Haldia,Bulk Minerals And Ores,Panamax,20.8,synthetic_generated
2024-09-01,R6,USA,Norfolk,Haldia,Bulk Minerals And Ores,Panamax,19.68,synthetic_generated
2024-10-01,R6,USA,Norfolk,Haldia,Bulk Minerals And Ores,Panamax,17.53,synthetic_generated
2024-11-01,R6,USA,Norfolk,Haldia,Bulk Minerals And Ores,Panamax,19.15,synthetic_generated
2024-12-01,R6,USA,Norfolk,Haldia,Bulk Minerals And Ores,Panamax,20.37,synthetic_generated
2025-01-01,R6,USA,Norfolk,Haldia,Bulk Minerals And Ores,Panamax,20.27,synthetic_generated
2025-02-01,R6,USA,Norfolk,Haldia,Bulk Minerals And Ores,Panamax,20.61,synthetic_generated
2025-03-01,R6,USA,Norfolk,Haldia,Bulk Minerals And Ores,Panamax,20.75,synthetic_generated
2025-04-01,R6,USA,Norfolk,Haldia,Bulk Minerals And Ores,Panamax,19.74,synthetic_generated
2025-05-01,R6,USA,Norfolk,Haldia,Bulk Minerals And Ores,Panamax,18.81,synthetic_generated
2025-06-01,R6,USA,Norfolk,Haldia,Bulk Minerals And Ores,Panamax,22.84,synthetic_generated
2025-07-01,R6,USA,Norfolk,Haldia,Bulk Minerals And Ores,Panamax,18.7,synthetic_generated
2025-08-01,R6,USA,Norfolk,Haldia,Bulk Minerals And Ores,Panamax,19.72,synthetic_generated
2025-09-01,R6,USA,Norfolk,Haldia,Bulk Minerals And Ores,Panamax,17.81,synthetic_generated
2025-10-01,R6,USA,Norfolk,Haldia,Bulk Minerals And Ores,Panamax,15.09,synthetic_generated
2025-11-01,R6,USA,Norfolk,Haldia,Bulk Minerals And Ores,Panamax,15.67,synthetic_generated
2025-12-01,R6,USA,Norfolk,Haldia,Bulk Minerals And Ores,Panamax,15.92,synthetic_generated
2026-01-01,R6,USA,Norfolk,Haldia,Bulk Minerals And Ores,Panamax,16.11,synthetic_generated
2026-02-01,R6,USA,Norfolk,Haldia,Bulk Minerals And Ores,Panamax,16.01,synthetic_generated
2026-03-01,R6,USA,Norfolk,Haldia,Bulk Minerals And Ores,Panamax,15.77,synthetic_generated
2026-04-01,R6,USA,Norfolk,Haldia,Bulk Minerals And Ores,Panamax,15.65,synthetic_generated
2026-05-01,R6,USA,Norfolk,Haldia,Bulk Minerals And Ores,Panamax,15.76,synthetic_generated
2026-06-01,R6,USA,Norfolk,Haldia,Bulk Minerals And Ores,Panamax,14.4,synthetic_generated
2026-07-01,R6,USA,Norfolk,Haldia,Bulk Minerals And Ores,Panamax,15.03,synthetic_generated
2026-08-01,R6,USA,Norfolk,Haldia,Bulk Minerals And Ores,Panamax,15.26,synthetic_generated
2015-01-01,R7,South Africa,Saldanha Bay,Visakhapatnam,Iron Ore,Capesize,8.79,synthetic_generated
2015-02-01,R7,South Africa,Saldanha Bay,Visakhapatnam,Iron Ore,Capesize,8.95,synthetic_generated
2015-03-01,R7,South Africa,Saldanha Bay,Visakhapatnam,Iron Ore,Capesize,8.82,synthetic_generated
2015-04-01,R7,South Africa,Saldanha Bay,Visakhapatnam,Iron Ore,Capesize,9.91,synthetic_generated
2015-05-01,R7,South Africa,Saldanha Bay,Visakhapatnam,Iron Ore,Capesize,9.24,synthetic_generated
2015-06-01,R7,South Africa,Saldanha Bay,Visakhapatnam,Iron Ore,Capesize,8.58,synthetic_generated
2015-07-01,R7,South Africa,Saldanha Bay,Visakhapatnam,Iron Ore,Capesize,10.08,synthetic_generated
2015-08-01,R7,South Africa,Saldanha Bay,Visakhapatnam,Iron Ore,Capesize,9.62,synthetic_generated
2015-09-01,R7,South Africa,Saldanha Bay,Visakhapatnam,Iron Ore,Capesize,8.46,synthetic_generated
2015-10-01,R7,South Africa,Saldanha Bay,Visakhapatnam,Iron Ore,Capesize,8.25,synthetic_generated
2015-11-01,R7,South Africa,Saldanha Bay,Visakhapatnam,Iron Ore,Capesize,8.32,synthetic_generated
2015-12-01,R7,South Africa,Saldanha Bay,Visakhapatnam,Iron Ore,Capesize,7.56,synthetic_generated
2016-01-01,R7,South Africa,Saldanha Bay,Visakhapatnam,Iron Ore,Capesize,7.99,synthetic_generated
2016-02-01,R7,South Africa,Saldanha Bay,Visakhapatnam,Iron Ore,Capesize,7.08,synthetic_generated
2016-03-01,R7,South Africa,Saldanha Bay,Visakhapatnam,Iron Ore,Capesize,6.2,synthetic_generated
2016-04-01,R7,South Africa,Saldanha Bay,Visakhapatnam,Iron Ore,Capesize,6.1,synthetic_generated
2016-05-01,R7,South Africa,Saldanha Bay,Visakhapatnam,Iron Ore,Capesize,5.81,synthetic_generated
2016-06-01,R7,South Africa,Saldanha Bay,Visakhapatnam,Iron Ore,Capesize,5.72,synthetic_generated
2016-07-01,R7,South Africa,Saldanha Bay,Visakhapatnam,Iron Ore,Capesize,4.4,synthetic_generated
2016-08-01,R7,South Africa,Saldanha Bay,Visakhapatnam,Iron Ore,Capesize,3.51,synthetic_generated
2016-09-01,R7,South Africa,Saldanha Bay,Visakhapatnam,Iron Ore,Capesize,4.73,synthetic_generated
2016-10-01,R7,South Africa,Saldanha Bay,Visakhapatnam,Iron Ore,Capesize,4.46,synthetic_generated
2016-11-01,R7,South Africa,Saldanha Bay,Visakhapatnam,Iron Ore,Capesize,4.87,synthetic_generated
2016-12-01,R7,South Africa,Saldanha Bay,Visakhapatnam,Iron Ore,Capesize,4.58,synthetic_generated
2017-01-01,R7,South Africa,Saldanha Bay,Visakhapatnam,Iron Ore,Capesize,9.3,synthetic_generated
2017-02-01,R7,South Africa,Saldanha Bay,Visakhapatnam,Iron Ore,Capesize,9.86,synthetic_generated
2017-03-01,R7,South Africa,Saldanha Bay,Visakhapatnam,Iron Ore,Capesize,9.76,synthetic_generated
2017-04-01,R7,South Africa,Saldanha Bay,Visakhapatnam,Iron Ore,Capesize,9.94,synthetic_generated
2017-05-01,R7,South Africa,Saldanha Bay,Visakhapatnam,Iron Ore,Capesize,9.53,synthetic_generated
2017-06-01,R7,South Africa,Saldanha Bay,Visakhapatnam,Iron Ore,Capesize,8.95,synthetic_generated
2017-07-01,R7,South Africa,Saldanha Bay,Visakhapatnam,Iron Ore,Capesize,8.97,synthetic_generated
2017-08-01,R7,South Africa,Saldanha Bay,Visakhapatnam,Iron Ore,Capesize,9.42,synthetic_generated
2017-09-01,R7,South Africa,Saldanha Bay,Visakhapatnam,Iron Ore,Capesize,10.21,synthetic_generated
2017-10-01,R7,South Africa,Saldanha Bay,Visakhapatnam,Iron Ore,Capesize,7.9,synthetic_generated
2017-11-01,R7,South Africa,Saldanha Bay,Visakhapatnam,Iron Ore,Capesize,10.0,synthetic_generated
2017-12-01,R7,South Africa,Saldanha Bay,Visakhapatnam,Iron Ore,Capesize,9.23,synthetic_generated
2018-01-01,R7,South Africa,Saldanha Bay,Visakhapatnam,Iron Ore,Capesize,12.03,synthetic_generated
2018-02-01,R7,South Africa,Saldanha Bay,Visakhapatnam,Iron Ore,Capesize,11.55,synthetic_generated
2018-03-01,R7,South Africa,Saldanha Bay,Visakhapatnam,Iron Ore,Capesize,11.26,synthetic_generated
2018-04-01,R7,South Africa,Saldanha Bay,Visakhapatnam,Iron Ore,Capesize,11.91,synthetic_generated
2018-05-01,R7,South Africa,Saldanha Bay,Visakhapatnam,Iron Ore,Capesize,12.2,synthetic_generated
2018-06-01,R7,South Africa,Saldanha Bay,Visakhapatnam,Iron Ore,Capesize,12.15,synthetic_generated
2018-07-01,R7,South Africa,Saldanha Bay,Visakhapatnam,Iron Ore,Capesize,11.95,synthetic_generated
2018-08-01,R7,South Africa,Saldanha Bay,Visakhapatnam,Iron Ore,Capesize,12.69,synthetic_generated
2018-09-01,R7,South Africa,Saldanha Bay,Visakhapatnam,Iron Ore,Capesize,11.44,synthetic_generated
2018-10-01,R7,South Africa,Saldanha Bay,Visakhapatnam,Iron Ore,Capesize,9.91,synthetic_generated
2018-11-01,R7,South Africa,Saldanha Bay,Visakhapatnam,Iron Ore,Capesize,10.09,synthetic_generated
2018-12-01,R7,South Africa,Saldanha Bay,Visakhapatnam,Iron Ore,Capesize,11.54,synthetic_generated
2019-01-01,R7,South Africa,Saldanha Bay,Visakhapatnam,Iron Ore,Capesize,11.59,synthetic_generated
2019-02-01,R7,South Africa,Saldanha Bay,Visakhapatnam,Iron Ore,Capesize,10.22,synthetic_generated
2019-03-01,R7,South Africa,Saldanha Bay,Visakhapatnam,Iron Ore,Capesize,11.16,synthetic_generated
2019-04-01,R7,South Africa,Saldanha Bay,Visakhapatnam,Iron Ore,Capesize,10.17,synthetic_generated
2019-05-01,R7,South Africa,Saldanha Bay,Visakhapatnam,Iron Ore,Capesize,10.67,synthetic_generated
2019-06-01,R7,South Africa,Saldanha Bay,Visakhapatnam,Iron Ore,Capesize,11.63,synthetic_generated
2019-07-01,R7,South Africa,Saldanha Bay,Visakhapatnam,Iron Ore,Capesize,11.15,synthetic_generated
2019-08-01,R7,South Africa,Saldanha Bay,Visakhapatnam,Iron Ore,Capesize,12.53,synthetic_generated
2019-09-01,R7,South Africa,Saldanha Bay,Visakhapatnam,Iron Ore,Capesize,10.27,synthetic_generated
2019-10-01,R7,South Africa,Saldanha Bay,Visakhapatnam,Iron Ore,Capesize,9.41,synthetic_generated
2019-11-01,R7,South Africa,Saldanha Bay,Visakhapatnam,Iron Ore,Capesize,10.95,synthetic_generated
2019-12-01,R7,South Africa,Saldanha Bay,Visakhapatnam,Iron Ore,Capesize,12.62,synthetic_generated
2020-01-01,R7,South Africa,Saldanha Bay,Visakhapatnam,Iron Ore,Capesize,8.36,synthetic_generated
2020-02-01,R7,South Africa,Saldanha Bay,Visakhapatnam,Iron Ore,Capesize,7.84,synthetic_generated
2020-03-01,R7,South Africa,Saldanha Bay,Visakhapatnam,Iron Ore,Capesize,7.97,synthetic_generated
2020-04-01,R7,South Africa,Saldanha Bay,Visakhapatnam,Iron Ore,Capesize,4.42,synthetic_generated
2020-05-01,R7,South Africa,Saldanha Bay,Visakhapatnam,Iron Ore,Capesize,4.51,synthetic_generated
2020-06-01,R7,South Africa,Saldanha Bay,Visakhapatnam,Iron Ore,Capesize,5.34,synthetic_generated
2020-07-01,R7,South Africa,Saldanha Bay,Visakhapatnam,Iron Ore,Capesize,7.43,synthetic_generated
2020-08-01,R7,South Africa,Saldanha Bay,Visakhapatnam,Iron Ore,Capesize,6.78,synthetic_generated
2020-09-01,R7,South Africa,Saldanha Bay,Visakhapatnam,Iron Ore,Capesize,7.9,synthetic_generated
2020-10-01,R7,South Africa,Saldanha Bay,Visakhapatnam,Iron Ore,Capesize,6.97,synthetic_generated
2020-11-01,R7,South Africa,Saldanha Bay,Visakhapatnam,Iron Ore,Capesize,6.89,synthetic_generated
2020-12-01,R7,South Africa,Saldanha Bay,Visakhapatnam,Iron Ore,Capesize,8.69,synthetic_generated
2021-01-01,R7,South Africa,Saldanha Bay,Visakhapatnam,Iron Ore,Capesize,28.04,synthetic_generated
2021-02-01,R7,South Africa,Saldanha Bay,Visakhapatnam,Iron Ore,Capesize,28.93,synthetic_generated
2021-03-01,R7,South Africa,Saldanha Bay,Visakhapatnam,Iron Ore,Capesize,26.28,synthetic_generated
2021-04-01,R7,South Africa,Saldanha Bay,Visakhapatnam,Iron Ore,Capesize,26.4,synthetic_generated
2021-05-01,R7,South Africa,Saldanha Bay,Visakhapatnam,Iron Ore,Capesize,26.85,synthetic_generated
2021-06-01,R7,South Africa,Saldanha Bay,Visakhapatnam,Iron Ore,Capesize,29.82,synthetic_generated
2021-07-01,R7,South Africa,Saldanha Bay,Visakhapatnam,Iron Ore,Capesize,28.31,synthetic_generated
2021-08-01,R7,South Africa,Saldanha Bay,Visakhapatnam,Iron Ore,Capesize,25.36,synthetic_generated
2021-09-01,R7,South Africa,Saldanha Bay,Visakhapatnam,Iron Ore,Capesize,33.26,synthetic_generated
2021-10-01,R7,South Africa,Saldanha Bay,Visakhapatnam,Iron Ore,Capesize,25.89,synthetic_generated
2021-11-01,R7,South Africa,Saldanha Bay,Visakhapatnam,Iron Ore,Capesize,33.66,synthetic_generated
2021-12-01,R7,South Africa,Saldanha Bay,Visakhapatnam,Iron Ore,Capesize,23.47,synthetic_generated
2022-01-01,R7,South Africa,Saldanha Bay,Visakhapatnam,Iron Ore,Capesize,20.67,synthetic_generated
2022-02-01,R7,South Africa,Saldanha Bay,Visakhapatnam,Iron Ore,Capesize,20.04,synthetic_generated
2022-03-01,R7,South Africa,Saldanha Bay,Visakhapatnam,Iron Ore,Capesize,20.55,synthetic_generated
2022-04-01,R7,South Africa,Saldanha Bay,Visakhapatnam,Iron Ore,Capesize,23.29,synthetic_generated
2022-05-01,R7,South Africa,Saldanha Bay,Visakhapatnam,Iron Ore,Capesize,20.78,synthetic_generated
2022-06-01,R7,South Africa,Saldanha Bay,Visakhapatnam,Iron Ore,Capesize,23.1,synthetic_generated
2022-07-01,R7,South Africa,Saldanha Bay,Visakhapatnam,Iron Ore,Capesize,22.08,synthetic_generated
2022-08-01,R7,South Africa,Saldanha Bay,Visakhapatnam,Iron Ore,Capesize,22.79,synthetic_generated
2022-09-01,R7,South Africa,Saldanha Bay,Visakhapatnam,Iron Ore,Capesize,21.67,synthetic_generated
2022-10-01,R7,South Africa,Saldanha Bay,Visakhapatnam,Iron Ore,Capesize,18.65,synthetic_generated
2022-11-01,R7,South Africa,Saldanha Bay,Visakhapatnam,Iron Ore,Capesize,21.13,synthetic_generated
2022-12-01,R7,South Africa,Saldanha Bay,Visakhapatnam,Iron Ore,Capesize,19.39,synthetic_generated
2023-01-01,R7,South Africa,Saldanha Bay,Visakhapatnam,Iron Ore,Capesize,13.5,synthetic_generated
2023-02-01,R7,South Africa,Saldanha Bay,Visakhapatnam,Iron Ore,Capesize,14.96,synthetic_generated
2023-03-01,R7,South Africa,Saldanha Bay,Visakhapatnam,Iron Ore,Capesize,16.65,synthetic_generated
2023-04-01,R7,South Africa,Saldanha Bay,Visakhapatnam,Iron Ore,Capesize,15.9,synthetic_generated
2023-05-01,R7,South Africa,Saldanha Bay,Visakhapatnam,Iron Ore,Capesize,13.84,synthetic_generated
2023-06-01,R7,South Africa,Saldanha Bay,Visakhapatnam,Iron Ore,Capesize,14.22,synthetic_generated
2023-07-01,R7,South Africa,Saldanha Bay,Visakhapatnam,Iron Ore,Capesize,13.58,synthetic_generated
2023-08-01,R7,South Africa,Saldanha Bay,Visakhapatnam,Iron Ore,Capesize,14.37,synthetic_generated
2023-09-01,R7,South Africa,Saldanha Bay,Visakhapatnam,Iron Ore,Capesize,13.19,synthetic_generated
2023-10-01,R7,South Africa,Saldanha Bay,Visakhapatnam,Iron Ore,Capesize,12.81,synthetic_generated
2023-11-01,R7,South Africa,Saldanha Bay,Visakhapatnam,Iron Ore,Capesize,14.89,synthetic_generated
2023-12-01,R7,South Africa,Saldanha Bay,Visakhapatnam,Iron Ore,Capesize,15.02,synthetic_generated
2024-01-01,R7,South Africa,Saldanha Bay,Visakhapatnam,Iron Ore,Capesize,14.23,synthetic_generated
2024-02-01,R7,South Africa,Saldanha Bay,Visakhapatnam,Iron Ore,Capesize,14.63,synthetic_generated
2024-03-01,R7,South Africa,Saldanha Bay,Visakhapatnam,Iron Ore,Capesize,13.77,synthetic_generated
2024-04-01,R7,South Africa,Saldanha Bay,Visakhapatnam,Iron Ore,Capesize,13.73,synthetic_generated
2024-05-01,R7,South Africa,Saldanha Bay,Visakhapatnam,Iron Ore,Capesize,13.95,synthetic_generated
2024-06-01,R7,South Africa,Saldanha Bay,Visakhapatnam,Iron Ore,Capesize,15.56,synthetic_generated
2024-07-01,R7,South Africa,Saldanha Bay,Visakhapatnam,Iron Ore,Capesize,15.25,synthetic_generated
2024-08-01,R7,South Africa,Saldanha Bay,Visakhapatnam,Iron Ore,Capesize,14.34,synthetic_generated
2024-09-01,R7,South Africa,Saldanha Bay,Visakhapatnam,Iron Ore,Capesize,14.2,synthetic_generated
2024-10-01,R7,South Africa,Saldanha Bay,Visakhapatnam,Iron Ore,Capesize,11.27,synthetic_generated
2024-11-01,R7,South Africa,Saldanha Bay,Visakhapatnam,Iron Ore,Capesize,14.23,synthetic_generated
2024-12-01,R7,South Africa,Saldanha Bay,Visakhapatnam,Iron Ore,Capesize,14.81,synthetic_generated
2025-01-01,R7,South Africa,Saldanha Bay,Visakhapatnam,Iron Ore,Capesize,15.07,synthetic_generated
2025-02-01,R7,South Africa,Saldanha Bay,Visakhapatnam,Iron Ore,Capesize,12.08,synthetic_generated
2025-03-01,R7,South Africa,Saldanha Bay,Visakhapatnam,Iron Ore,Capesize,16.59,synthetic_generated
2025-04-01,R7,South Africa,Saldanha Bay,Visakhapatnam,Iron Ore,Capesize,13.84,synthetic_generated
2025-05-01,R7,South Africa,Saldanha Bay,Visakhapatnam,Iron Ore,Capesize,14.57,synthetic_generated
2025-06-01,R7,South Africa,Saldanha Bay,Visakhapatnam,Iron Ore,Capesize,14.76,synthetic_generated
2025-07-01,R7,South Africa,Saldanha Bay,Visakhapatnam,Iron Ore,Capesize,14.58,synthetic_generated
2025-08-01,R7,South Africa,Saldanha Bay,Visakhapatnam,Iron Ore,Capesize,12.53,synthetic_generated
2025-09-01,R7,South Africa,Saldanha Bay,Visakhapatnam,Iron Ore,Capesize,12.64,synthetic_generated
2025-10-01,R7,South Africa,Saldanha Bay,Visakhapatnam,Iron Ore,Capesize,13.01,synthetic_generated
2025-11-01,R7,South Africa,Saldanha Bay,Visakhapatnam,Iron Ore,Capesize,11.27,synthetic_generated
2025-12-01,R7,South Africa,Saldanha Bay,Visakhapatnam,Iron Ore,Capesize,12.18,synthetic_generated
2026-01-01,R7,South Africa,Saldanha Bay,Visakhapatnam,Iron Ore,Capesize,11.79,synthetic_generated
2026-02-01,R7,South Africa,Saldanha Bay,Visakhapatnam,Iron Ore,Capesize,12.39,synthetic_generated
2026-03-01,R7,South Africa,Saldanha Bay,Visakhapatnam,Iron Ore,Capesize,11.88,synthetic_generated
2026-04-01,R7,South Africa,Saldanha Bay,Visakhapatnam,Iron Ore,Capesize,12.86,synthetic_generated
2026-05-01,R7,South Africa,Saldanha Bay,Visakhapatnam,Iron Ore,Capesize,13.2,synthetic_generated
2026-06-01,R7,South Africa,Saldanha Bay,Visakhapatnam,Iron Ore,Capesize,11.94,synthetic_generated
2026-07-01,R7,South Africa,Saldanha Bay,Visakhapatnam,Iron Ore,Capesize,12.05,synthetic_generated
2026-08-01,R7,South Africa,Saldanha Bay,Visakhapatnam,Iron Ore,Capesize,11.31,synthetic_generated
2015-01-01 00:00:00,R8,Australia,Newcastle,Chennai,Iron Ore,Capesize,10.62,synthetic_generated
2015-02-01 00:00:00,R8,Australia,Newcastle,Chennai,Iron Ore,Capesize,10.98,synthetic_generated
2015-03-01 00:00:00,R8,Australia,Newcastle,Chennai,Iron Ore,Capesize,11.01,synthetic_generated
2015-04-01 00:00:00,R8,Australia,Newcastle,Chennai,Iron Ore,Capesize,11.43,synthetic_generated
2015-05-01 00:00:00,R8,Australia,Newcastle,Chennai,Iron Ore,Capesize,10.99,synthetic_generated
2015-06-01 00:00:00,R8,Australia,Newcastle,Chennai,Iron Ore,Capesize,11.27,synthetic_generated
2015-07-01 00:00:00,R8,Australia,Newcastle,Chennai,Iron Ore,Capesize,10.77,synthetic_generated
2015-08-01 00:00:00,R8,Australia,Newcastle,Chennai,Iron Ore,Capesize,10.59,synthetic_generated
2015-09-01 00:00:00,R8,Australia,Newcastle,Chennai,Iron Ore,Capesize,11.23,synthetic_generated
2015-10-01 00:00:00,R8,Australia,Newcastle,Chennai,Iron Ore,Capesize,11.05,synthetic_generated
2015-11-01 00:00:00,R8,Australia,Newcastle,Chennai,Iron Ore,Capesize,12.03,synthetic_generated
2015-12-01 00:00:00,R8,Australia,Newcastle,Chennai,Iron Ore,Capesize,11.83,synthetic_generated
2016-01-01 00:00:00,R8,Australia,Newcastle,Chennai,Iron Ore,Capesize,12.63,synthetic_generated
2016-02-01 00:00:00,R8,Australia,Newcastle,Chennai,Iron Ore,Capesize,12.85,synthetic_generated
2016-03-01 00:00:00,R8,Australia,Newcastle,Chennai,Iron Ore,Capesize,13.24,synthetic_generated
2016-04-01 00:00:00,R8,Australia,Newcastle,Chennai,Iron Ore,Capesize,13.82,synthetic_generated
2016-05-01 00:00:00,R8,Australia,Newcastle,Chennai,Iron Ore,Capesize,13.5,synthetic_generated
2016-06-01 00:00:00,R8,Australia,Newcastle,Chennai,Iron Ore,Capesize,13.63,synthetic_generated
2016-07-01 00:00:00,R8,Australia,Newcastle,Chennai,Iron Ore,Capesize,13.12,synthetic_generated
2016-08-01 00:00:00,R8,Australia,Newcastle,Chennai,Iron Ore,Capesize,12.86,synthetic_generated
2016-09-01 00:00:00,R8,Australia,Newcastle,Chennai,Iron Ore,Capesize,12.55,synthetic_generated
2016-10-01 00:00:00,R8,Australia,Newcastle,Chennai,Iron Ore,Capesize,11.68,synthetic_generated
2016-11-01 00:00:00,R8,Australia,Newcastle,Chennai,Iron Ore,Capesize,12.11,synthetic_generated
2016-12-01 00:00:00,R8,Australia,Newcastle,Chennai,Iron Ore,Capesize,11.85,synthetic_generated
2017-01-01 00:00:00,R8,Australia,Newcastle,Chennai,Iron Ore,Capesize,11.52,synthetic_generated
2017-02-01 00:00:00,R8,Australia,Newcastle,Chennai,Iron Ore,Capesize,11.52,synthetic_generated
2017-03-01 00:00:00,R8,Australia,Newcastle,Chennai,Iron Ore,Capesize,11.22,synthetic_generated
2017-04-01 00:00:00,R8,Australia,Newcastle,Chennai,Iron Ore,Capesize,10.91,synthetic_generated
2017-05-01 00:00:00,R8,Australia,Newcastle,Chennai,Iron Ore,Capesize,10.45,synthetic_generated
2017-06-01 00:00:00,R8,Australia,Newcastle,Chennai,Iron Ore,Capesize,10.33,synthetic_generated
2017-07-01 00:00:00,R8,Australia,Newcastle,Chennai,Iron Ore,Capesize,9.87,synthetic_generated
2017-08-01 00:00:00,R8,Australia,Newcastle,Chennai,Iron Ore,Capesize,9.5,synthetic_generated
2017-09-01 00:00:00,R8,Australia,Newcastle,Chennai,Iron Ore,Capesize,9.23,synthetic_generated
2017-10-01 00:00:00,R8,Australia,Newcastle,Chennai,Iron Ore,Capesize,9.24,synthetic_generated
2017-11-01 00:00:00,R8,Australia,Newcastle,Chennai,Iron Ore,Capesize,9.71,synthetic_generated
2017-12-01 00:00:00,R8,Australia,Newcastle,Chennai,Iron Ore,Capesize,10.16,synthetic_generated
2018-01-01 00:00:00,R8,Australia,Newcastle,Chennai,Iron Ore,Capesize,10.4,synthetic_generated
2018-02-01 00:00:00,R8,Australia,Newcastle,Chennai,Iron Ore,Capesize,10.26,synthetic_generated
2018-03-01 00:00:00,R8,Australia,Newcastle,Chennai,Iron Ore,Capesize,9.72,synthetic_generated
2018-04-01 00:00:00,R8,Australia,Newcastle,Chennai,Iron Ore,Capesize,10.23,synthetic_generated
2018-05-01 00:00:00,R8,Australia,Newcastle,Chennai,Iron Ore,Capesize,9.5,synthetic_generated
2018-06-01 00:00:00,R8,Australia,Newcastle,Chennai,Iron Ore,Capesize,9.3,synthetic_generated
2018-07-01 00:00:00,R8,Australia,Newcastle,Chennai,Iron Ore,Capesize,9.07,synthetic_generated
2018-08-01 00:00:00,R8,Australia,Newcastle,Chennai,Iron Ore,Capesize,8.68,synthetic_generated
2018-09-01 00:00:00,R8,Australia,Newcastle,Chennai,Iron Ore,Capesize,8.44,synthetic_generated
2018-10-01 00:00:00,R8,Australia,Newcastle,Chennai,Iron Ore,Capesize,9.2,synthetic_generated
2018-11-01 00:00:00,R8,Australia,Newcastle,Chennai,Iron Ore,Capesize,8.84,synthetic_generated
2018-12-01 00:00:00,R8,Australia,Newcastle,Chennai,Iron Ore,Capesize,9.57,synthetic_generated
2019-01-01 00:00:00,R8,Australia,Newcastle,Chennai,Iron Ore,Capesize,10.15,synthetic_generated
2019-02-01 00:00:00,R8,Australia,Newcastle,Chennai,Iron Ore,Capesize,10.22,synthetic_generated
2019-03-01 00:00:00,R8,Australia,Newcastle,Chennai,Iron Ore,Capesize,11.43,synthetic_generated
2019-04-01 00:00:00,R8,Australia,Newcastle,Chennai,Iron Ore,Capesize,11.06,synthetic_generated
2019-05-01 00:00:00,R8,Australia,Newcastle,Chennai,Iron Ore,Capesize,11.24,synthetic_generated
2019-06-01 00:00:00,R8,Australia,Newcastle,Chennai,Iron Ore,Capesize,11.18,synthetic_generated
2019-07-01 00:00:00,R8,Australia,Newcastle,Chennai,Iron Ore,Capesize,10.6,synthetic_generated
2019-08-01 00:00:00,R8,Australia,Newcastle,Chennai,Iron Ore,Capesize,11.14,synthetic_generated
2019-09-01 00:00:00,R8,Australia,Newcastle,Chennai,Iron Ore,Capesize,10.82,synthetic_generated
2019-10-01 00:00:00,R8,Australia,Newcastle,Chennai,Iron Ore,Capesize,11.51,synthetic_generated
2019-11-01 00:00:00,R8,Australia,Newcastle,Chennai,Iron Ore,Capesize,11.84,synthetic_generated
2019-12-01 00:00:00,R8,Australia,Newcastle,Chennai,Iron Ore,Capesize,12.17,synthetic_generated
2020-01-01 00:00:00,R8,Australia,Newcastle,Chennai,Iron Ore,Capesize,12.32,synthetic_generated
2020-02-01 00:00:00,R8,Australia,Newcastle,Chennai,Iron Ore,Capesize,12.69,synthetic_generated
2020-03-01 00:00:00,R8,Australia,Newcastle,Chennai,Iron Ore,Capesize,12.55,synthetic_generated
2020-04-01 00:00:00,R8,Australia,Newcastle,Chennai,Iron Ore,Capesize,12.32,synthetic_generated
2020-05-01 00:00:00,R8,Australia,Newcastle,Chennai,Iron Ore,Capesize,12.03,synthetic_generated
2020-06-01 00:00:00,R8,Australia,Newcastle,Chennai,Iron Ore,Capesize,11.54,synthetic_generated
2020-07-01 00:00:00,R8,Australia,Newcastle,Chennai,Iron Ore,Capesize,11.73,synthetic_generated
2020-08-01 00:00:00,R8,Australia,Newcastle,Chennai,Iron Ore,Capesize,11.58,synthetic_generated
2020-09-01 00:00:00,R8,Australia,Newcastle,Chennai,Iron Ore,Capesize,12.63,synthetic_generated
2020-10-01 00:00:00,R8,Australia,Newcastle,Chennai,Iron Ore,Capesize,13.36,synthetic_generated
2020-11-01 00:00:00,R8,Australia,Newcastle,Chennai,Iron Ore,Capesize,13.75,synthetic_generated
2020-12-01 00:00:00,R8,Australia,Newcastle,Chennai,Iron Ore,Capesize,13.41,synthetic_generated
2021-01-01 00:00:00,R8,Australia,Newcastle,Chennai,Iron Ore,Capesize,13.09,synthetic_generated
2021-02-01 00:00:00,R8,Australia,Newcastle,Chennai,Iron Ore,Capesize,12.21,synthetic_generated
2021-03-01 00:00:00,R8,Australia,Newcastle,Chennai,Iron Ore,Capesize,11.93,synthetic_generated
2021-04-01 00:00:00,R8,Australia,Newcastle,Chennai,Iron Ore,Capesize,11.27,synthetic_generated
2021-05-01 00:00:00,R8,Australia,Newcastle,Chennai,Iron Ore,Capesize,10.62,synthetic_generated
2021-06-01 00:00:00,R8,Australia,Newcastle,Chennai,Iron Ore,Capesize,10.57,synthetic_generated
2021-07-01 00:00:00,R8,Australia,Newcastle,Chennai,Iron Ore,Capesize,9.79,synthetic_generated
2021-08-01 00:00:00,R8,Australia,Newcastle,Chennai,Iron Ore,Capesize,9.76,synthetic_generated
2021-09-01 00:00:00,R8,Australia,Newcastle,Chennai,Iron Ore,Capesize,9.74,synthetic_generated
2021-10-01 00:00:00,R8,Australia,Newcastle,Chennai,Iron Ore,Capesize,9.73,synthetic_generated
2021-11-01 00:00:00,R8,Australia,Newcastle,Chennai,Iron Ore,Capesize,10.08,synthetic_generated
2021-12-01 00:00:00,R8,Australia,Newcastle,Chennai,Iron Ore,Capesize,10.62,synthetic_generated
2022-01-01 00:00:00,R8,Australia,Newcastle,Chennai,Iron Ore,Capesize,10.98,synthetic_generated
2022-02-01 00:00:00,R8,Australia,Newcastle,Chennai,Iron Ore,Capesize,10.67,synthetic_generated
2022-03-01 00:00:00,R8,Australia,Newcastle,Chennai,Iron Ore,Capesize,10.34,synthetic_generated
2022-04-01 00:00:00,R8,Australia,Newcastle,Chennai,Iron Ore,Capesize,10.5,synthetic_generated
2022-05-01 00:00:00,R8,Australia,Newcastle,Chennai,Iron Ore,Capesize,9.48,synthetic_generated
2022-06-01 00:00:00,R8,Australia,Newcastle,Chennai,Iron Ore,Capesize,9.06,synthetic_generated
2022-07-01 00:00:00,R8,Australia,Newcastle,Chennai,Iron Ore,Capesize,8.89,synthetic_generated
2022-08-01 00:00:00,R8,Australia,Newcastle,Chennai,Iron Ore,Capesize,8.65,synthetic_generated
2022-09-01 00:00:00,R8,Australia,Newcastle,Chennai,Iron Ore,Capesize,9.26,synthetic_generated
2022-10-01 00:00:00,R8,Australia,Newcastle,Chennai,Iron Ore,Capesize,10.07,synthetic_generated
2022-11-01 00:00:00,R8,Australia,Newcastle,Chennai,Iron Ore,Capesize,10.51,synthetic_generated
2022-12-01 00:00:00,R8,Australia,Newcastle,Chennai,Iron Ore,Capesize,11.47,synthetic_generated
2023-01-01 00:00:00,R8,Australia,Newcastle,Chennai,Iron Ore,Capesize,12.0,synthetic_generated
2023-02-01 00:00:00,R8,Australia,Newcastle,Chennai,Iron Ore,Capesize,12.83,synthetic_generated
2023-03-01 00:00:00,R8,Australia,Newcastle,Chennai,Iron Ore,Capesize,13.07,synthetic_generated
2023-04-01 00:00:00,R8,Australia,Newcastle,Chennai,Iron Ore,Capesize,12.94,synthetic_generated
2023-05-01 00:00:00,R8,Australia,Newcastle,Chennai,Iron Ore,Capesize,12.93,synthetic_generated
2023-06-01 00:00:00,R8,Australia,Newcastle,Chennai,Iron Ore,Capesize,12.19,synthetic_generated
2023-07-01 00:00:00,R8,Australia,Newcastle,Chennai,Iron Ore,Capesize,12.53,synthetic_generated
2023-08-01 00:00:00,R8,Australia,Newcastle,Chennai,Iron Ore,Capesize,12.43,synthetic_generated
2023-09-01 00:00:00,R8,Australia,Newcastle,Chennai,Iron Ore,Capesize,12.77,synthetic_generated
2023-10-01 00:00:00,R8,Australia,Newcastle,Chennai,Iron Ore,Capesize,13.46,synthetic_generated
2023-11-01 00:00:00,R8,Australia,Newcastle,Chennai,Iron Ore,Capesize,13.48,synthetic_generated
2023-12-01 00:00:00,R8,Australia,Newcastle,Chennai,Iron Ore,Capesize,13.66,synthetic_generated
2024-01-01 00:00:00,R8,Australia,Newcastle,Chennai,Iron Ore,Capesize,14.46,synthetic_generated
2024-02-01 00:00:00,R8,Australia,Newcastle,Chennai,Iron Ore,Capesize,15.14,synthetic_generated
2024-03-01 00:00:00,R8,Australia,Newcastle,Chennai,Iron Ore,Capesize,15.49,synthetic_generated
2024-04-01 00:00:00,R8,Australia,Newcastle,Chennai,Iron Ore,Capesize,15.92,synthetic_generated
2024-05-01 00:00:00,R8,Australia,Newcastle,Chennai,Iron Ore,Capesize,15.67,synthetic_generated
2024-06-01 00:00:00,R8,Australia,Newcastle,Chennai,Iron Ore,Capesize,14.96,synthetic_generated
2024-07-01 00:00:00,R8,Australia,Newcastle,Chennai,Iron Ore,Capesize,13.88,synthetic_generated
2024-08-01 00:00:00,R8,Australia,Newcastle,Chennai,Iron Ore,Capesize,12.97,synthetic_generated
2024-09-01 00:00:00,R8,Australia,Newcastle,Chennai,Iron Ore,Capesize,12.51,synthetic_generated
2024-10-01 00:00:00,R8,Australia,Newcastle,Chennai,Iron Ore,Capesize,12.33,synthetic_generated
2024-11-01 00:00:00,R8,Australia,Newcastle,Chennai,Iron Ore,Capesize,12.31,synthetic_generated
2024-12-01 00:00:00,R8,Australia,Newcastle,Chennai,Iron Ore,Capesize,12.73,synthetic_generated
2025-01-01 00:00:00,R8,Australia,Newcastle,Chennai,Iron Ore,Capesize,12.61,synthetic_generated
2025-02-01 00:00:00,R8,Australia,Newcastle,Chennai,Iron Ore,Capesize,12.52,synthetic_generated
2025-03-01 00:00:00,R8,Australia,Newcastle,Chennai,Iron Ore,Capesize,12.51,synthetic_generated
2025-04-01 00:00:00,R8,Australia,Newcastle,Chennai,Iron Ore,Capesize,11.46,synthetic_generated
2025-05-01 00:00:00,R8,Australia,Newcastle,Chennai,Iron Ore,Capesize,11.23,synthetic_generated
2025-06-01 00:00:00,R8,Australia,Newcastle,Chennai,Iron Ore,Capesize,10.16,synthetic_generated
2025-07-01 00:00:00,R8,Australia,Newcastle,Chennai,Iron Ore,Capesize,9.75,synthetic_generated
2025-08-01 00:00:00,R8,Australia,Newcastle,Chennai,Iron Ore,Capesize,9.14,synthetic_generated
2025-09-01 00:00:00,R8,Australia,Newcastle,Chennai,Iron Ore,Capesize,9.43,synthetic_generated
2025-10-01 00:00:00,R8,Australia,Newcastle,Chennai,Iron Ore,Capesize,9.63,synthetic_generated
2025-11-01 00:00:00,R8,Australia,Newcastle,Chennai,Iron Ore,Capesize,9.74,synthetic_generated
2025-12-01 00:00:00,R8,Australia,Newcastle,Chennai,Iron Ore,Capesize,10.26,synthetic_generated
2026-01-01 00:00:00,R8,Australia,Newcastle,Chennai,Iron Ore,Capesize,10.84,synthetic_generated
2026-02-01 00:00:00,R8,Australia,Newcastle,Chennai,Iron Ore,Capesize,11.34,synthetic_generated
2026-03-01 00:00:00,R8,Australia,Newcastle,Chennai,Iron Ore,Capesize,11.42,synthetic_generated
2026-04-01 00:00:00,R8,Australia,Newcastle,Chennai,Iron Ore,Capesize,11.19,synthetic_generated
2026-05-01 00:00:00,R8,Australia,Newcastle,Chennai,Iron Ore,Capesize,11.08,synthetic_generated
2026-06-01 00:00:00,R8,Australia,Newcastle,Chennai,Iron Ore,Capesize,10.79,synthetic_generated
2026-07-01 00:00:00,R8,Australia,Newcastle,Chennai,Iron Ore,Capesize,10.79,synthetic_generated
2026-08-01 00:00:00,R8,Australia,Newcastle,Chennai,Iron Ore,Capesize,10.64,synthetic_generated
