date,bdry_close
2018-03-22,25.51300048828125
2018-03-23,24.10099983215332
2018-03-24,24.10099983215332
2018-03-25,24.10099983215332
2018-03-26,24.84000015258789
2018-03-27,24.07999992370605
2018-03-28,23.3799991607666
2018-03-29,22.780000686645508
2018-03-30,22.780000686645508
2018-03-31,22.780000686645508
2018-04-01,22.780000686645508
2018-04-02,23.0
2018-04-03,21.25
2018-04-04,19.25
2018-04-05,20.25
2018-04-06,20.450000762939453
2018-04-07,20.450000762939453
2018-04-08,20.450000762939453
2018-04-09,21.459999084472656
2018-04-10,21.5
2018-04-11,20.450000762939453
2018-04-12,22.25
2018-04-13,21.582000732421875
2018-04-14,21.582000732421875
2018-04-15,21.582000732421875
2018-04-16,20.25
2018-04-17,21.399999618530277
2018-04-18,22.270000457763672
2018-04-19,21.809999465942383
2018-04-20,22.5
2018-04-21,22.5
2018-04-22,22.5
2018-04-23,22.700000762939453
2018-04-24,22.790000915527344
2018-04-25,22.75
2018-04-26,22.0
2018-04-27,21.75
2018-04-28,21.75
2018-04-29,21.75
2018-04-30,21.5
2018-05-01,21.76000022888184
2018-05-02,22.5
2018-05-03,22.25
2018-05-04,23.0
2018-05-05,23.0
2018-05-06,23.0
2018-05-07,23.0
2018-05-08,23.5
2018-05-09,23.25
2018-05-10,22.75
2018-05-11,23.75
2018-05-12,23.75
2018-05-13,23.75
2018-05-14,23.01000022888184
2018-05-15,21.399999618530277
2018-05-16,21.0
2018-05-17,21.0
2018-05-18,21.0
2018-05-19,21.0
2018-05-20,21.0
2018-05-21,22.5
2018-05-22,21.0
2018-05-23,20.0
2018-05-24,19.5
2018-05-25,19.5
2018-05-26,19.5
2018-05-27,19.5
2018-05-28,19.5
2018-05-29,18.73200035095215
2018-05-30,19.496000289916992
2018-05-31,20.23699951171875
2018-06-01,21.0
2018-06-02,21.0
2018-06-03,21.0
2018-06-04,21.246000289916992
2018-06-05,22.1299991607666
2018-06-06,22.0
2018-06-07,21.96999931335449
2018-06-08,21.96999931335449
2018-06-09,21.96999931335449
2018-06-10,21.96999931335449
2018-06-11,21.96999931335449
2018-06-12,22.190000534057617
2018-06-13,22.253999710083008
2018-06-14,22.53199958801269
2018-06-15,22.25
2018-06-16,22.25
2018-06-17,22.25
2018-06-18,22.25
2018-06-19,21.299999237060547
2018-06-20,20.79400062561035
2018-06-21,21.399999618530277
2018-06-22,21.399999618530277
2018-06-23,21.399999618530277
2018-06-24,21.399999618530277
2018-06-25,21.399999618530277
2018-06-26,21.399999618530277
2018-06-27,21.040000915527344
2018-06-28,21.57999992370605
2018-06-29,22.040000915527344
2018-06-30,22.040000915527344
2018-07-01,22.040000915527344
2018-07-02,21.84199905395508
2018-07-03,21.9950008392334
2018-07-04,21.9950008392334
2018-07-05,22.25
2018-07-06,22.670000076293945
2018-07-07,22.670000076293945
2018-07-08,22.670000076293945
2018-07-09,22.020000457763672
2018-07-10,22.229999542236328
2018-07-11,22.229999542236328
2018-07-12,23.46999931335449
2018-07-13,23.46999931335449
2018-07-14,23.46999931335449
2018-07-15,23.46999931335449
2018-07-16,23.46999931335449
2018-07-17,23.46999931335449
2018-07-18,23.01000022888184
2018-07-19,23.01000022888184
2018-07-20,24.100000381469727
2018-07-21,24.100000381469727
2018-07-22,24.100000381469727
2018-07-23,24.5939998626709
2018-07-24,24.540000915527344
2018-07-25,24.63999938964844
2018-07-26,24.5
2018-07-27,24.302000045776367
2018-07-28,24.302000045776367
2018-07-29,24.302000045776367
2018-07-30,24.600000381469727
2018-07-31,24.600000381469727
2018-08-01,24.66900062561035
2018-08-02,24.850000381469727
2018-08-03,25.26099967956543
2018-08-04,25.26099967956543
2018-08-05,25.26099967956543
2018-08-06,24.802000045776367
2018-08-07,24.802000045776367
2018-08-08,24.802000045776367
2018-08-09,24.802000045776367
2018-08-10,24.82999992370605
2018-08-11,24.82999992370605
2018-08-12,24.82999992370605
2018-08-13,25.3700008392334
2018-08-14,25.200000762939453
2018-08-15,25.23500061035156
2018-08-16,25.23500061035156
2018-08-17,25.23500061035156
2018-08-18,25.23500061035156
2018-08-19,25.23500061035156
2018-08-20,25.46999931335449
2018-08-21,25.57999992370605
2018-08-22,25.569000244140625
2018-08-23,25.450000762939453
2018-08-24,25.434999465942383
2018-08-25,25.434999465942383
2018-08-26,25.434999465942383
2018-08-27,25.434999465942383
2018-08-28,25.434999465942383
2018-08-29,25.434999465942383
2018-08-30,25.434999465942383
2018-08-31,25.434999465942383
2018-09-01,25.434999465942383
2018-09-02,25.434999465942383
2018-09-03,25.434999465942383
2018-09-04,24.559999465942383
2018-09-05,24.559999465942383
2018-09-06,24.559999465942383
2018-09-07,24.559999465942383
2018-09-08,24.559999465942383
2018-09-09,24.559999465942383
2018-09-10,24.559999465942383
2018-09-11,23.420000076293945
2018-09-12,22.799999237060547
2018-09-13,23.049999237060547
2018-09-14,22.700000762939453
2018-09-15,22.700000762939453
2018-09-16,22.700000762939453
2018-09-17,22.700000762939453
2018-09-18,22.700000762939453
2018-09-19,22.280000686645508
2018-09-20,22.13999938964844
2018-09-21,22.73500061035156
2018-09-22,22.73500061035156
2018-09-23,22.73500061035156
2018-09-24,22.950000762939453
2018-09-25,22.535999298095703
2018-09-26,22.8799991607666
2018-09-27,22.8799991607666
2018-09-28,22.940000534057617
2018-09-29,22.940000534057617
2018-09-30,22.940000534057617
2018-10-01,22.940000534057617
2018-10-02,22.940000534057617
2018-10-03,22.940000534057617
2018-10-04,22.940000534057617
2018-10-05,21.825000762939453
2018-10-06,21.825000762939453
2018-10-07,21.825000762939453
2018-10-08,21.825000762939453
2018-10-09,21.32699966430664
2018-10-10,21.32699966430664
2018-10-11,22.40999984741211
2018-10-12,23.149999618530277
2018-10-13,23.149999618530277
2018-10-14,23.149999618530277
2018-10-15,22.649999618530277
2018-10-16,22.649999618530277
2018-10-17,22.26000022888184
2018-10-18,22.26000022888184
2018-10-19,22.209999084472656
2018-10-20,22.209999084472656
2018-10-21,22.209999084472656
2018-10-22,22.3700008392334
2018-10-23,22.3700008392334
2018-10-24,21.375
2018-10-25,21.375
2018-10-26,21.375
2018-10-27,21.375
2018-10-28,21.375
2018-10-29,21.375
2018-10-30,21.375
2018-10-31,21.375
2018-11-01,21.375
2018-11-02,21.375
2018-11-03,21.375
2018-11-04,21.375
2018-11-05,18.82999992370605
2018-11-06,18.010000228881836
2018-11-07,17.360000610351562
2018-11-08,17.100000381469727
2018-11-09,16.06999969482422
2018-11-10,16.06999969482422
2018-11-11,16.06999969482422
2018-11-12,16.6299991607666
2018-11-13,16.6299991607666
2018-11-14,14.66100025177002
2018-11-15,16.020000457763672
2018-11-16,15.890000343322754
2018-11-17,15.890000343322754
2018-11-18,15.890000343322754
2018-11-19,15.902999877929688
2018-11-20,15.039999961853027
2018-11-21,15.553999900817873
2018-11-22,15.553999900817873
2018-11-23,16.75
2018-11-24,16.75
2018-11-25,16.75
2018-11-26,17.979999542236328
2018-11-27,18.520000457763672
2018-11-28,17.059999465942383
2018-11-29,16.389999389648438
2018-11-30,16.402000427246094
2018-12-01,16.402000427246094
2018-12-02,16.402000427246094
2018-12-03,17.649999618530273
2018-12-04,18.540000915527344
2018-12-05,18.540000915527344
2018-12-06,18.540000915527344
2018-12-07,18.540000915527344
2018-12-08,18.540000915527344
2018-12-09,18.540000915527344
2018-12-10,18.540000915527344
2018-12-11,18.049999237060547
2018-12-12,18.145000457763672
2018-12-13,18.209999084472656
2018-12-14,18.209999084472656
2018-12-15,18.209999084472656
2018-12-16,18.209999084472656
2018-12-17,18.614999771118164
2018-12-18,18.614999771118164
2018-12-19,18.614999771118164
2018-12-20,18.614999771118164
2018-12-21,18.614999771118164
2018-12-22,18.614999771118164
2018-12-23,18.614999771118164
2018-12-24,17.889999389648438
2018-12-25,17.889999389648438
2018-12-26,17.889999389648438
2018-12-27,17.885000228881836
2018-12-28,18.170000076293945
2018-12-29,18.170000076293945
2018-12-30,18.170000076293945
2018-12-31,18.170000076293945
2019-01-01,18.170000076293945
2019-01-02,18.489999771118164
2019-01-03,18.489999771118164
2019-01-04,17.920000076293945
2019-01-05,17.920000076293945
2019-01-06,17.920000076293945
2019-01-07,17.920000076293945
2019-01-08,17.920000076293945
2019-01-09,17.920000076293945
2019-01-10,17.110000610351562
2019-01-11,17.110000610351562
2019-01-12,17.110000610351562
2019-01-13,17.110000610351562
2019-01-14,17.135000228881836
2019-01-15,17.135000228881836
2019-01-16,16.665000915527344
2019-01-17,16.665000915527344
2019-01-18,17.270000457763672
2019-01-19,17.270000457763672
2019-01-20,17.270000457763672
2019-01-21,17.270000457763672
2019-01-22,15.604999542236328
2019-01-23,15.604999542236328
2019-01-24,15.265000343322754
2019-01-25,15.095000267028809
2019-01-26,15.095000267028809
2019-01-27,15.095000267028809
2019-01-28,13.4350004196167
2019-01-29,12.55500030517578
2019-01-30,12.21500015258789
2019-01-31,12.175000190734863
2019-02-01,12.859999656677246
2019-02-02,12.859999656677246
2019-02-03,12.859999656677246
2019-02-04,12.520000457763672
2019-02-05,12.376999855041504
2019-02-06,11.75
2019-02-07,10.869999885559082
2019-02-08,11.020000457763672
2019-02-09,11.020000457763672
2019-02-10,11.020000457763672
2019-02-11,11.399999618530272
2019-02-12,11.670000076293944
2019-02-13,11.635000228881836
2019-02-14,11.085000038146973
2019-02-15,11.1899995803833
2019-02-16,11.1899995803833
2019-02-17,11.1899995803833
2019-02-18,11.1899995803833
2019-02-19,10.989999771118164
2019-02-20,10.890000343322754
2019-02-21,10.69499969482422
2019-02-22,10.925000190734863
2019-02-23,10.925000190734863
2019-02-24,10.925000190734863
2019-02-25,11.09000015258789
2019-02-26,11.154999732971191
2019-02-27,11.100000381469728
2019-02-28,11.039999961853027
2019-03-01,10.710000038146973
2019-03-02,10.710000038146973
2019-03-03,10.710000038146973
2019-03-04,10.61400032043457
2019-03-05,10.25
2019-03-06,9.911999702453612
2019-03-07,9.55500030517578
2019-03-08,9.574000358581545
2019-03-09,9.574000358581545
2019-03-10,9.574000358581545
2019-03-11,9.600000381469728
2019-03-12,9.991999626159668
2019-03-13,10.09000015258789
2019-03-14,11.020000457763672
2019-03-15,10.96500015258789
2019-03-16,10.96500015258789
2019-03-17,10.96500015258789
2019-03-18,10.279999732971191
2019-03-19,9.982999801635742
2019-03-20,10.631999969482422
2019-03-21,10.354999542236328
2019-03-22,10.442999839782717
2019-03-23,10.442999839782717
2019-03-24,10.442999839782717
2019-03-25,10.4350004196167
2019-03-26,9.972999572753906
2019-03-27,9.973999977111816
2019-03-28,10.045000076293944
2019-03-29,9.359000205993652
2019-03-30,9.359000205993652
2019-03-31,9.359000205993652
2019-04-01,9.300000190734863
2019-04-02,9.4350004196167
2019-04-03,9.5600004196167
2019-04-04,9.43000030517578
2019-04-05,9.545000076293944
2019-04-06,9.545000076293944
2019-04-07,9.545000076293944
2019-04-08,9.654999732971191
2019-04-09,9.84000015258789
2019-04-10,9.704999923706056
2019-04-11,9.255000114440918
2019-04-12,9.664999961853027
2019-04-13,9.664999961853027
2019-04-14,9.664999961853027
2019-04-15,10.130999565124512
2019-04-16,10.074000358581545
2019-04-17,10.4350004196167
2019-04-18,10.725000381469728
2019-04-19,10.725000381469728
2019-04-20,10.725000381469728
2019-04-21,10.725000381469728
2019-04-22,10.770000457763672
2019-04-23,11.088000297546388
2019-04-24,11.0
2019-04-25,11.05500030517578
2019-04-26,11.406000137329102
2019-04-27,11.406000137329102
2019-04-28,11.406000137329102
2019-04-29,12.010000228881836
2019-04-30,12.385000228881836
2019-05-01,12.25100040435791
2019-05-02,12.281999588012695
2019-05-03,12.25100040435791
2019-05-04,12.25100040435791
2019-05-05,12.25100040435791
2019-05-06,11.21500015258789
2019-05-07,11.104999542236328
2019-05-08,11.789999961853027
2019-05-09,11.845000267028809
2019-05-10,12.25
2019-05-11,12.25
2019-05-12,12.25
2019-05-13,12.114999771118164
2019-05-14,12.1850004196167
2019-05-15,11.800000190734863
2019-05-16,11.835000038146973
2019-05-17,12.024999618530272
2019-05-18,12.024999618530272
2019-05-19,12.024999618530272
2019-05-20,11.835000038146973
2019-05-21,11.96500015258789
2019-05-22,12.045000076293944
2019-05-23,12.234999656677246
2019-05-24,12.204999923706056
2019-05-25,12.204999923706056
2019-05-26,12.204999923706056
2019-05-27,12.204999923706056
2019-05-28,12.364999771118164
2019-05-29,12.515999794006348
2019-05-30,12.18000030517578
2019-05-31,12.25
2019-06-01,12.25
2019-06-02,12.25
2019-06-03,12.44499969482422
2019-06-04,12.489999771118164
2019-06-05,12.5
2019-06-06,12.425000190734863
2019-06-07,12.295000076293944
2019-06-08,12.295000076293944
2019-06-09,12.295000076293944
2019-06-10,12.085000038146973
2019-06-11,12.010000228881836
2019-06-12,11.859999656677246
2019-06-13,12.085000038146973
2019-06-14,12.385000228881836
2019-06-15,12.385000228881836
2019-06-16,12.385000228881836
2019-06-17,12.369999885559082
2019-06-18,12.385000228881836
2019-06-19,12.44499969482422
2019-06-20,12.404999732971191
2019-06-21,12.6899995803833
2019-06-22,12.6899995803833
2019-06-23,12.6899995803833
2019-06-24,12.960000038146973
2019-06-25,13.005000114440918
2019-06-26,12.994999885559082
2019-06-27,12.93000030517578
2019-06-28,13.149999618530272
2019-06-29,13.149999618530272
2019-06-30,13.149999618530272
2019-07-01,13.420000076293944
2019-07-02,14.302000045776367
2019-07-03,15.020000457763672
2019-07-04,15.020000457763672
2019-07-05,14.899999618530272
2019-07-06,14.899999618530272
2019-07-07,14.899999618530272
2019-07-08,15.065999984741213
2019-07-09,15.774999618530272
2019-07-10,15.779999732971191
2019-07-11,16.30500030517578
2019-07-12,16.604999542236328
2019-07-13,16.604999542236328
2019-07-14,16.604999542236328
2019-07-15,17.125
2019-07-16,16.575000762939453
2019-07-17,16.975000381469727
2019-07-18,17.19499969482422
2019-07-19,17.565000534057617
2019-07-20,17.565000534057617
2019-07-21,17.565000534057617
2019-07-22,17.988000869750977
2019-07-23,17.065000534057617
2019-07-24,16.350000381469727
2019-07-25,16.899999618530273
2019-07-26,16.594999313354492
2019-07-27,16.594999313354492
2019-07-28,16.594999313354492
2019-07-29,16.389999389648438
2019-07-30,16.190000534057617
2019-07-31,16.1200008392334
2019-08-01,15.9350004196167
2019-08-02,15.574999809265137
2019-08-03,15.574999809265137
2019-08-04,15.574999809265137
2019-08-05,14.68000030517578
2019-08-06,15.75
2019-08-07,15.579999923706056
2019-08-08,16.145000457763672
2019-08-09,17.079999923706055
2019-08-10,17.079999923706055
2019-08-11,17.079999923706055
2019-08-12,17.070999145507812
2019-08-13,17.920000076293945
2019-08-14,18.39900016784668
2019-08-15,18.32099914550781
2019-08-16,18.184999465942383
2019-08-17,18.184999465942383
2019-08-18,18.184999465942383
2019-08-19,17.75
2019-08-20,18.09499931335449
2019-08-21,18.924999237060547
2019-08-22,19.459999084472656
2019-08-23,19.5310001373291
2019-08-24,19.5310001373291
2019-08-25,19.5310001373291
2019-08-26,19.549999237060547
2019-08-27,20.440000534057617
2019-08-28,20.40999984741211
2019-08-29,20.405000686645508
2019-08-30,21.13500022888184
2019-08-31,21.13500022888184
2019-09-01,21.13500022888184
2019-09-02,21.13500022888184
2019-09-03,21.59000015258789
2019-09-04,21.066999435424805
2019-09-05,20.59000015258789
2019-09-06,20.450000762939453
2019-09-07,20.450000762939453
2019-09-08,20.450000762939453
2019-09-09,20.190000534057617
2019-09-10,20.33799934387207
2019-09-11,20.80500030517578
2019-09-12,21.19499969482422
2019-09-13,21.114999771118164
2019-09-14,21.114999771118164
2019-09-15,21.114999771118164
2019-09-16,21.270000457763672
2019-09-17,20.40999984741211
2019-09-18,19.649999618530277
2019-09-19,19.51499938964844
2019-09-20,20.01000022888184
2019-09-21,20.01000022888184
2019-09-22,20.01000022888184
2019-09-23,20.86000061035156
2019-09-24,20.57099914550781
2019-09-25,19.520000457763672
2019-09-26,18.71500015258789
2019-09-27,18.924999237060547
2019-09-28,18.924999237060547
2019-09-29,18.924999237060547
2019-09-30,19.709999084472656
2019-10-01,19.875
2019-10-02,20.11599922180176
2019-10-03,19.374000549316406
2019-10-04,20.405000686645508
2019-10-05,20.405000686645508
2019-10-06,20.405000686645508
2019-10-07,20.63999938964844
2019-10-08,21.489999771118164
2019-10-09,21.91200065612793
2019-10-10,21.4950008392334
2019-10-11,21.19499969482422
2019-10-12,21.19499969482422
2019-10-13,21.19499969482422
2019-10-14,20.90999984741211
2019-10-15,20.88500022888184
2019-10-16,20.075000762939453
2019-10-17,20.200000762939453
2019-10-18,20.479999542236328
2019-10-19,20.479999542236328
2019-10-20,20.479999542236328
2019-10-21,19.489999771118164
2019-10-22,19.05500030517578
2019-10-23,19.295000076293945
2019-10-24,19.84000015258789
2019-10-25,19.815000534057617
2019-10-26,19.815000534057617
2019-10-27,19.815000534057617
2019-10-28,19.78499984741211
2019-10-29,19.420000076293945
2019-10-30,18.545000076293945
2019-10-31,18.030000686645508
2019-11-01,18.1200008392334
2019-11-02,18.1200008392334
2019-11-03,18.1200008392334
2019-11-04,18.049999237060547
2019-11-05,17.600000381469727
2019-11-06,16.774999618530273
2019-11-07,16.299999237060547
2019-11-08,16.2450008392334
2019-11-09,16.2450008392334
2019-11-10,16.2450008392334
2019-11-11,16.545000076293945
2019-11-12,16.975000381469727
2019-11-13,16.709999084472656
2019-11-14,16.584999084472656
2019-11-15,16.774999618530273
2019-11-16,16.774999618530273
2019-11-17,16.774999618530273
2019-11-18,16.584999084472656
2019-11-19,16.354999542236328
2019-11-20,16.530000686645508
2019-11-21,16.674999237060547
2019-11-22,17.094999313354492
2019-11-23,17.094999313354492
2019-11-24,17.094999313354492
2019-11-25,17.80500030517578
2019-11-26,18.36199951171875
2019-11-27,18.05500030517578
2019-11-28,18.05500030517578
2019-11-29,18.32999992370605
2019-11-30,18.32999992370605
2019-12-01,18.32999992370605
2019-12-02,19.05500030517578
2019-12-03,18.315000534057617
2019-12-04,17.975000381469727
2019-12-05,17.889999389648438
2019-12-06,18.20499992370605
2019-12-07,18.20499992370605
2019-12-08,18.20499992370605
2019-12-09,17.899999618530273
2019-12-10,17.739999771118164
2019-12-11,17.334999084472656
2019-12-12,16.84000015258789
2019-12-13,16.9950008392334
2019-12-14,16.9950008392334
2019-12-15,16.9950008392334
2019-12-16,16.674999237060547
2019-12-17,16.1200008392334
2019-12-18,15.6850004196167
2019-12-19,15.324999809265137
2019-12-20,15.225000381469728
2019-12-21,15.225000381469728
2019-12-22,15.225000381469728
2019-12-23,15.335000038146973
2019-12-24,15.345000267028809
2019-12-25,15.345000267028809
2019-12-26,15.37399959564209
2019-12-27,15.289999961853027
2019-12-28,15.289999961853027
2019-12-29,15.289999961853027
2019-12-30,15.100000381469728
2019-12-31,15.449999809265137
2020-01-01,15.449999809265137
2020-01-02,13.961000442504885
2020-01-03,13.050000190734863
2020-01-04,13.050000190734863
2020-01-05,13.050000190734863
2020-01-06,11.920000076293944
2020-01-07,11.895000457763672
2020-01-08,13.654999732971191
2020-01-09,13.3100004196167
2020-01-10,13.845000267028809
2020-01-11,13.845000267028809
2020-01-12,13.845000267028809
2020-01-13,12.994999885559082
2020-01-14,13.664999961853027
2020-01-15,13.350000381469728
2020-01-16,12.630000114440918
2020-01-17,12.104999542236328
2020-01-18,12.104999542236328
2020-01-19,12.104999542236328
2020-01-20,12.104999542236328
2020-01-21,11.369999885559082
2020-01-22,11.031999588012695
2020-01-23,11.045000076293944
2020-01-24,11.135000228881836
2020-01-25,11.135000228881836
2020-01-26,11.135000228881836
2020-01-27,10.4399995803833
2020-01-28,10.279999732971191
2020-01-29,10.085000038146973
2020-01-30,9.550000190734863
2020-01-31,9.81999969482422
2020-02-01,9.81999969482422
2020-02-02,9.81999969482422
2020-02-03,9.29300022125244
2020-02-04,9.350000381469728
2020-02-05,9.550000190734863
2020-02-06,9.449999809265137
2020-02-07,9.225000381469728
2020-02-08,9.225000381469728
2020-02-09,9.225000381469728
2020-02-10,8.800000190734863
2020-02-11,9.300000190734863
2020-02-12,9.399999618530272
2020-02-13,9.140000343322754
2020-02-14,9.225000381469728
2020-02-15,9.225000381469728
2020-02-16,9.225000381469728
2020-02-17,9.225000381469728
2020-02-18,9.270000457763672
2020-02-19,9.100000381469728
2020-02-20,9.029999732971191
2020-02-21,9.010000228881836
2020-02-22,9.010000228881836
2020-02-23,9.010000228881836
2020-02-24,8.369999885559082
2020-02-25,8.220000267028809
2020-02-26,8.180000305175781
2020-02-27,8.300000190734863
2020-02-28,8.1899995803833
2020-02-29,8.1899995803833
2020-03-01,8.1899995803833
2020-03-02,7.909999847412109
2020-03-03,8.100000381469727
2020-03-04,8.3100004196167
2020-03-05,8.369999885559082
2020-03-06,8.25
2020-03-07,8.25
2020-03-08,8.25
2020-03-09,7.5
2020-03-10,7.809999942779541
2020-03-11,7.5
2020-03-12,6.909999847412109
2020-03-13,6.840000152587891
2020-03-14,6.840000152587891
2020-03-15,6.840000152587891
2020-03-16,6.099999904632568
2020-03-17,6.059999942779541
2020-03-18,5.389999866485596
2020-03-19,5.559999942779541
2020-03-20,5.820000171661377
2020-03-21,5.820000171661377
2020-03-22,5.820000171661377
2020-03-23,5.739999771118164
2020-03-24,5.369999885559082
2020-03-25,5.03000020980835
2020-03-26,5.389999866485596
2020-03-27,5.400000095367432
2020-03-28,5.400000095367432
2020-03-29,5.400000095367432
2020-03-30,5.804999828338623
2020-03-31,6.389999866485596
2020-04-01,6.289999961853027
2020-04-02,6.380000114440918
2020-04-03,6.239999771118164
2020-04-04,6.239999771118164
2020-04-05,6.239999771118164
2020-04-06,6.099999904632568
2020-04-07,6.289999961853027
2020-04-08,6.869999885559082
2020-04-09,7.349999904632568
2020-04-10,7.349999904632568
2020-04-11,7.349999904632568
2020-04-12,7.349999904632568
2020-04-13,7.320000171661377
2020-04-14,7.230000019073486
2020-04-15,7.25
2020-04-16,7.230000019073486
2020-04-17,7.25
2020-04-18,7.25
2020-04-19,7.25
2020-04-20,6.809999942779541
2020-04-21,6.150000095367432
2020-04-22,6.150000095367432
2020-04-23,6.110000133514404
2020-04-24,6.019999980926514
2020-04-25,6.019999980926514
2020-04-26,6.019999980926514
2020-04-27,5.809999942779541
2020-04-28,5.550000190734863
2020-04-29,5.679999828338623
2020-04-30,5.539999961853027
2020-05-01,5.349999904632568
2020-05-02,5.349999904632568
2020-05-03,5.349999904632568
2020-05-04,5.099999904632568
2020-05-05,4.789999961853027
2020-05-06,4.449999809265137
2020-05-07,4.579999923706055
2020-05-08,4.599999904632568
2020-05-09,4.599999904632568
2020-05-10,4.599999904632568
2020-05-11,4.429999828338623
2020-05-12,4.130000114440918
2020-05-13,3.910000085830689
2020-05-14,4.013000011444092
2020-05-15,4.170000076293945
2020-05-16,4.170000076293945
2020-05-17,4.170000076293945
2020-05-18,4.590000152587891
2020-05-19,4.619999885559082
2020-05-20,4.909999847412109
2020-05-21,4.940000057220459
2020-05-22,4.880000114440918
2020-05-23,4.880000114440918
2020-05-24,4.880000114440918
2020-05-25,4.880000114440918
2020-05-26,4.800000190734863
2020-05-27,4.650000095367432
2020-05-28,4.550000190734863
2020-05-29,4.650000095367432
2020-05-30,4.650000095367432
2020-05-31,4.650000095367432
2020-06-01,4.639999866485596
2020-06-02,5.0
2020-06-03,5.03000020980835
2020-06-04,5.050000190734863
2020-06-05,5.449999809265137
2020-06-06,5.449999809265137
2020-06-07,5.449999809265137
2020-06-08,5.510000228881836
2020-06-09,5.269999980926514
2020-06-10,5.78000020980835
2020-06-11,5.78000020980835
2020-06-12,6.360000133514404
2020-06-13,6.360000133514404
2020-06-14,6.360000133514404
2020-06-15,6.420000076293945
2020-06-16,7.21999979019165
2020-06-17,7.820000171661377
2020-06-18,7.260000228881836
2020-06-19,7.275000095367432
2020-06-20,7.275000095367432
2020-06-21,7.275000095367432
2020-06-22,7.429999828338623
2020-06-23,8.180000305175781
2020-06-24,7.440000057220459
2020-06-25,7.239999771118164
2020-06-26,7.610000133514404
2020-06-27,7.610000133514404
2020-06-28,7.610000133514404
2020-06-29,7.559999942779541
2020-06-30,7.389999866485596
2020-07-01,7.199999809265137
2020-07-02,8.050000190734863
2020-07-03,8.050000190734863
2020-07-04,8.050000190734863
2020-07-05,8.050000190734863
2020-07-06,9.420000076293944
2020-07-07,8.930000305175781
2020-07-08,9.0
2020-07-09,8.75
2020-07-10,8.489999771118164
2020-07-11,8.489999771118164
2020-07-12,8.489999771118164
2020-07-13,8.100000381469727
2020-07-14,7.820000171661377
2020-07-15,7.519999980926514
2020-07-16,7.980000019073486
2020-07-17,8.0
2020-07-18,8.0
2020-07-19,8.0
2020-07-20,7.5
2020-07-21,7.110000133514404
2020-07-22,6.909999847412109
2020-07-23,7.150000095367432
2020-07-24,7.389999866485596
2020-07-25,7.389999866485596
2020-07-26,7.389999866485596
2020-07-27,7.550000190734863
2020-07-28,7.900000095367432
2020-07-29,8.510000228881836
2020-07-30,8.1899995803833
2020-07-31,8.149999618530273
2020-08-01,8.149999618530273
2020-08-02,8.149999618530273
2020-08-03,8.420000076293945
2020-08-04,8.6899995803833
2020-08-05,8.510000228881836
2020-08-06,8.800000190734863
2020-08-07,8.5
2020-08-08,8.5
2020-08-09,8.5
2020-08-10,8.609999656677246
2020-08-11,9.31999969482422
2020-08-12,9.15999984741211
2020-08-13,9.020000457763672
2020-08-14,8.850000381469727
2020-08-15,8.850000381469727
2020-08-16,8.850000381469727
2020-08-17,8.899999618530273
2020-08-18,8.84000015258789
2020-08-19,8.470000267028809
2020-08-20,8.050000190734863
2020-08-21,8.109999656677246
2020-08-22,8.109999656677246
2020-08-23,8.109999656677246
2020-08-24,8.65999984741211
2020-08-25,8.760000228881836
2020-08-26,8.789999961853027
2020-08-27,8.770000457763672
2020-08-28,8.770000457763672
2020-08-29,8.770000457763672
2020-08-30,8.770000457763672
2020-08-31,8.520000457763672
2020-09-01,8.130000114440918
2020-09-02,7.820000171661377
2020-09-03,7.409999847412109
2020-09-04,7.769999980926514
2020-09-05,7.769999980926514
2020-09-06,7.769999980926514
2020-09-07,7.769999980926514
2020-09-08,7.40500020980835
2020-09-09,7.139999866485596
2020-09-10,7.485000133514404
2020-09-11,7.690000057220459
2020-09-12,7.690000057220459
2020-09-13,7.690000057220459
2020-09-14,7.849999904632568
2020-09-15,7.550000190734863
2020-09-16,7.599999904632568
2020-09-17,7.639999866485596
2020-09-18,7.570000171661377
2020-09-19,7.570000171661377
2020-09-20,7.570000171661377
2020-09-21,7.625
2020-09-22,7.679999828338623
2020-09-23,8.109999656677246
2020-09-24,8.430000305175781
2020-09-25,8.210000038146973
2020-09-26,8.210000038146973
2020-09-27,8.210000038146973
2020-09-28,8.09000015258789
2020-09-29,8.229999542236328
2020-09-30,8.239999771118164
2020-10-01,8.359999656677246
2020-10-02,8.649999618530273
2020-10-03,8.649999618530273
2020-10-04,8.649999618530273
2020-10-05,8.729999542236328
2020-10-06,8.520000457763672
2020-10-07,8.15999984741211
2020-10-08,8.130000114440918
2020-10-09,7.880000114440918
2020-10-10,7.880000114440918
2020-10-11,7.880000114440918
2020-10-12,7.949999809265137
2020-10-13,7.940000057220459
2020-10-14,7.489999771118164
2020-10-15,7.400000095367432
2020-10-16,7.0
2020-10-17,7.0
2020-10-18,7.0
2020-10-19,7.110000133514404
2020-10-20,7.389999866485596
2020-10-21,7.670000076293945
2020-10-22,7.510000228881836
2020-10-23,7.389999866485596
2020-10-24,7.389999866485596
2020-10-25,7.389999866485596
2020-10-26,7.179999828338623
2020-10-27,7.119999885559082
2020-10-28,6.860000133514404
2020-10-29,6.5
2020-10-30,6.769999980926514
2020-10-31,6.769999980926514
2020-11-01,6.769999980926514
2020-11-02,6.519999980926514
2020-11-03,6.559999942779541
2020-11-04,6.360000133514404
2020-11-05,6.539999961853027
2020-11-06,6.800000190734863
2020-11-07,6.800000190734863
2020-11-08,6.800000190734863
2020-11-09,7.010000228881836
2020-11-10,6.670000076293945
2020-11-11,6.21999979019165
2020-11-12,6.409999847412109
2020-11-13,6.309999942779541
2020-11-14,6.309999942779541
2020-11-15,6.309999942779541
2020-11-16,6.28000020980835
2020-11-17,6.25
2020-11-18,6.369999885559082
2020-11-19,6.599999904632568
2020-11-20,6.610000133514404
2020-11-21,6.610000133514404
2020-11-22,6.610000133514404
2020-11-23,6.610000133514404
2020-11-24,6.590000152587891
2020-11-25,6.699999809265137
2020-11-26,6.699999809265137
2020-11-27,6.619999885559082
2020-11-28,6.619999885559082
2020-11-29,6.619999885559082
2020-11-30,6.420000076293945
2020-12-01,6.409999847412109
2020-12-02,6.170000076293945
2020-12-03,6.239999771118164
2020-12-04,6.539999961853027
2020-12-05,6.539999961853027
2020-12-06,6.539999961853027
2020-12-07,6.400000095367432
2020-12-08,6.460000038146973
2020-12-09,6.710000038146973
2020-12-10,7.044000148773193
2020-12-11,7.179999828338623
2020-12-12,7.179999828338623
2020-12-13,7.179999828338623
2020-12-14,7.300000190734863
2020-12-15,7.300000190734863
2020-12-16,7.090000152587891
2020-12-17,7.409999847412109
2020-12-18,7.460000038146973
2020-12-19,7.460000038146973
2020-12-20,7.460000038146973
2020-12-21,7.269999980926514
2020-12-22,7.51200008392334
2020-12-23,7.730000019073486
2020-12-24,7.559999942779541
2020-12-25,7.559999942779541
2020-12-26,7.559999942779541
2020-12-27,7.559999942779541
2020-12-28,7.635000228881836
2020-12-29,7.199999809265137
2020-12-30,7.510000228881836
2020-12-31,7.699999809265137
2021-01-01,7.699999809265137
2021-01-02,7.699999809265137
2021-01-03,7.699999809265137
2021-01-04,8.470000267028809
2021-01-05,8.5600004196167
2021-01-06,8.529999732971191
2021-01-07,9.31999969482422
2021-01-08,10.34000015258789
2021-01-09,10.34000015258789
2021-01-10,10.34000015258789
2021-01-11,11.800000190734863
2021-01-12,10.59000015258789
2021-01-13,9.960000038146973
2021-01-14,10.470000267028809
2021-01-15,11.039999961853027
2021-01-16,11.039999961853027
2021-01-17,11.039999961853027
2021-01-18,11.039999961853027
2021-01-19,10.710000038146973
2021-01-20,10.800000190734863
2021-01-21,11.329999923706056
2021-01-22,11.0
2021-01-23,11.0
2021-01-24,11.0
2021-01-25,10.699999809265137
2021-01-26,9.600000381469728
2021-01-27,10.02299976348877
2021-01-28,9.760000228881836
2021-01-29,10.34000015258789
2021-01-30,10.34000015258789
2021-01-31,10.34000015258789
2021-02-01,10.1899995803833
2021-02-02,9.229999542236328
2021-02-03,9.449999809265137
2021-02-04,9.8100004196167
2021-02-05,10.239999771118164
2021-02-06,10.239999771118164
2021-02-07,10.239999771118164
2021-02-08,9.789999961853027
2021-02-09,10.100000381469728
2021-02-10,10.75
2021-02-11,11.550000190734863
2021-02-12,12.43000030517578
2021-02-13,12.43000030517578
2021-02-14,12.43000030517578
2021-02-15,12.43000030517578
2021-02-16,15.81999969482422
2021-02-17,16.65999984741211
2021-02-18,13.520000457763672
2021-02-19,14.5
2021-02-20,14.5
2021-02-21,14.5
2021-02-22,13.739999771118164
2021-02-23,13.34000015258789
2021-02-24,13.170000076293944
2021-02-25,13.3100004196167
2021-02-26,12.710000038146973
2021-02-27,12.710000038146973
2021-02-28,12.710000038146973
2021-03-01,13.020000457763672
2021-03-02,14.890000343322754
2021-03-03,15.279999732971191
2021-03-04,15.260000228881836
2021-03-05,16.25
2021-03-06,16.25
2021-03-07,16.25
2021-03-08,16.5
2021-03-09,16.329999923706055
2021-03-10,15.31999969482422
2021-03-11,16.200000762939453
2021-03-12,16.59000015258789
2021-03-13,16.59000015258789
2021-03-14,16.59000015258789
2021-03-15,17.950000762939453
2021-03-16,18.0
2021-03-17,19.5
2021-03-18,20.32999992370605
2021-03-19,19.56999969482422
2021-03-20,19.56999969482422
2021-03-21,19.56999969482422
2021-03-22,19.059999465942383
2021-03-23,16.700000762939453
2021-03-24,17.239999771118164
2021-03-25,19.299999237060547
2021-03-26,18.420000076293945
2021-03-27,18.420000076293945
2021-03-28,18.420000076293945
2021-03-29,16.8700008392334
2021-03-30,16.5
2021-03-31,16.920000076293945
2021-04-01,17.93000030517578
2021-04-02,17.93000030517578
2021-04-03,17.93000030517578
2021-04-04,17.93000030517578
2021-04-05,18.209999084472656
2021-04-06,17.56999969482422
2021-04-07,16.969999313354492
2021-04-08,16.530000686645508
2021-04-09,17.520000457763672
2021-04-10,17.520000457763672
2021-04-11,17.520000457763672
2021-04-12,18.07999992370605
2021-04-13,17.06999969482422
2021-04-14,18.790000915527344
2021-04-15,20.299999237060547
2021-04-16,19.790000915527344
2021-04-17,19.790000915527344
2021-04-18,19.790000915527344
2021-04-19,20.0
2021-04-20,20.450000762939453
2021-04-21,21.8799991607666
2021-04-22,20.46999931335449
2021-04-23,20.920000076293945
2021-04-24,20.920000076293945
2021-04-25,20.920000076293945
2021-04-26,21.399999618530277
2021-04-27,22.979999542236328
2021-04-28,23.520000457763672
2021-04-29,24.01000022888184
2021-04-30,24.700000762939453
2021-05-01,24.700000762939453
2021-05-02,24.700000762939453
2021-05-03,25.07999992370605
2021-05-04,26.209999084472656
2021-05-05,26.670000076293945
2021-05-06,23.559999465942383
2021-05-07,25.899999618530277
2021-05-08,25.899999618530277
2021-05-09,25.899999618530277
2021-05-10,27.59000015258789
2021-05-11,25.989999771118164
2021-05-12,24.200000762939453
2021-05-13,23.959999084472656
2021-05-14,22.950000762939453
2021-05-15,22.950000762939453
2021-05-16,22.950000762939453
2021-05-17,21.93000030517578
2021-05-18,24.07999992370605
2021-05-19,24.450000762939453
2021-05-20,25.6200008392334
2021-05-21,26.86000061035156
2021-05-22,26.86000061035156
2021-05-23,26.86000061035156
2021-05-24,25.239999771118164
2021-05-25,23.959999084472656
2021-05-26,23.959999084472656
2021-05-27,23.920000076293945
2021-05-28,23.0
2021-05-29,23.0
2021-05-30,23.0
2021-05-31,23.0
2021-06-01,23.850000381469727
2021-06-02,22.57999992370605
2021-06-03,22.709999084472656
2021-06-04,23.5
2021-06-05,23.5
2021-06-06,23.5
2021-06-07,22.65999984741211
2021-06-08,23.11000061035156
2021-06-09,24.989999771118164
2021-06-10,27.049999237060547
2021-06-11,27.81999969482422
2021-06-12,27.81999969482422
2021-06-13,27.81999969482422
2021-06-14,27.0
2021-06-15,28.989999771118164
2021-06-16,30.13999938964844
2021-06-17,28.06999969482422
2021-06-18,27.06999969482422
2021-06-19,27.06999969482422
2021-06-20,27.06999969482422
2021-06-21,26.559999465942383
2021-06-22,27.049999237060547
2021-06-23,27.8799991607666
2021-06-24,28.84000015258789
2021-06-25,29.959999084472656
2021-06-26,29.959999084472656
2021-06-27,29.959999084472656
2021-06-28,28.93000030517578
2021-06-29,28.81999969482422
2021-06-30,29.350000381469727
2021-07-01,27.31999969482422
2021-07-02,26.8700008392334
2021-07-03,26.8700008392334
2021-07-04,26.8700008392334
2021-07-05,26.8700008392334
2021-07-06,25.26000022888184
2021-07-07,26.920000076293945
2021-07-08,26.34000015258789
2021-07-09,26.790000915527344
2021-07-10,26.790000915527344
2021-07-11,26.790000915527344
2021-07-12,25.34000015258789
2021-07-13,24.489999771118164
2021-07-14,23.149999618530277
2021-07-15,24.450000762939453
2021-07-16,24.51000022888184
2021-07-17,24.51000022888184
2021-07-18,24.51000022888184
2021-07-19,25.32999992370605
2021-07-20,25.479999542236328
2021-07-21,26.100000381469727
2021-07-22,26.57999992370605
2021-07-23,27.09000015258789
2021-07-24,27.09000015258789
2021-07-25,27.09000015258789
2021-07-26,25.6299991607666
2021-07-27,24.6299991607666
2021-07-28,25.489999771118164
2021-07-29,26.649999618530277
2021-07-30,25.799999237060547
2021-07-31,25.799999237060547
2021-08-01,25.799999237060547
2021-08-02,26.549999237060547
2021-08-03,26.6299991607666
2021-08-04,27.190000534057617
2021-08-05,26.729999542236328
2021-08-06,26.600000381469727
2021-08-07,26.600000381469727
2021-08-08,26.600000381469727
2021-08-09,26.420000076293945
2021-08-10,27.01000022888184
2021-08-11,27.770000457763672
2021-08-12,28.25
2021-08-13,27.96999931335449
2021-08-14,27.96999931335449
2021-08-15,27.96999931335449
2021-08-16,28.780000686645508
2021-08-17,29.209999084472656
2021-08-18,29.600000381469727
2021-08-19,29.270000457763672
2021-08-20,29.979999542236328
2021-08-21,29.979999542236328
2021-08-22,29.979999542236328
2021-08-23,30.32999992370605
2021-08-24,30.3700008392334
2021-08-25,29.399999618530277
2021-08-26,30.739999771118164
2021-08-27,30.0
2021-08-28,30.0
2021-08-29,30.0
2021-08-30,29.940000534057617
2021-08-31,28.32999992370605
2021-09-01,27.729999542236328
2021-09-02,28.26000022888184
2021-09-03,27.36000061035156
2021-09-04,27.36000061035156
2021-09-05,27.36000061035156
2021-09-06,27.36000061035156
2021-09-07,26.899999618530277
2021-09-08,27.670000076293945
2021-09-09,29.350000381469727
2021-09-10,30.1200008392334
2021-09-11,30.1200008392334
2021-09-12,30.1200008392334
2021-09-13,30.82999992370605
2021-09-14,29.8799991607666
2021-09-15,30.200000762939453
2021-09-16,30.649999618530277
2021-09-17,30.729999542236328
2021-09-18,30.729999542236328
2021-09-19,30.729999542236328
2021-09-20,28.899999618530277
2021-09-21,30.899999618530277
2021-09-22,30.739999771118164
2021-09-23,31.86000061035156
2021-09-24,32.47999954223633
2021-09-25,32.47999954223633
2021-09-26,32.47999954223633
2021-09-27,34.349998474121094
2021-09-28,36.56999969482422
2021-09-29,35.68000030517578
2021-09-30,36.0099983215332
2021-10-01,36.900001525878906
2021-10-02,36.900001525878906
2021-10-03,36.900001525878906
2021-10-04,37.77000045776367
2021-10-05,41.25
2021-10-06,41.5099983215332
2021-10-07,38.84000015258789
2021-10-08,39.22999954223633
2021-10-09,39.22999954223633
2021-10-10,39.22999954223633
2021-10-11,40.959999084472656
2021-10-12,37.630001068115234
2021-10-13,36.88999938964844
2021-10-14,37.27999877929688
2021-10-15,35.29999923706055
2021-10-16,35.29999923706055
2021-10-17,35.29999923706055
2021-10-18,37.290000915527344
2021-10-19,38.47999954223633
2021-10-20,37.310001373291016
2021-10-21,34.56999969482422
2021-10-22,32.20000076293945
2021-10-23,32.20000076293945
2021-10-24,32.20000076293945
2021-10-25,30.61000061035156
2021-10-26,27.76000022888184
2021-10-27,29.479999542236328
2021-10-28,30.3700008392334
2021-10-29,30.040000915527344
2021-10-30,30.040000915527344
2021-10-31,30.040000915527344
2021-11-01,26.399999618530277
2021-11-02,22.8799991607666
2021-11-03,20.81999969482422
2021-11-04,23.06999969482422
2021-11-05,23.049999237060547
2021-11-06,23.049999237060547
2021-11-07,23.049999237060547
2021-11-08,25.15999984741211
2021-11-09,24.21999931335449
2021-11-10,22.700000762939453
2021-11-11,21.940000534057617
2021-11-12,22.6299991607666
2021-11-13,22.6299991607666
2021-11-14,22.6299991607666
2021-11-15,21.670000076293945
2021-11-16,19.649999618530277
2021-11-17,20.450000762939453
2021-11-18,22.229999542236328
2021-11-19,24.790000915527344
2021-11-20,24.790000915527344
2021-11-21,24.790000915527344
2021-11-22,24.88999938964844
2021-11-23,23.38999938964844
2021-11-24,25.200000762939453
2021-11-25,25.200000762939453
2021-11-26,24.729999542236328
2021-11-27,24.729999542236328
2021-11-28,24.729999542236328
2021-11-29,26.959999084472656
2021-11-30,26.649999618530277
2021-12-01,27.790000915527344
2021-12-02,28.71999931335449
2021-12-03,29.59000015258789
2021-12-04,29.59000015258789
2021-12-05,29.59000015258789
2021-12-06,29.600000381469727
2021-12-07,30.440000534057617
2021-12-08,28.459999084472656
2021-12-09,27.170000076293945
2021-12-10,28.13999938964844
2021-12-11,28.13999938964844
2021-12-12,28.13999938964844
2021-12-13,27.82999992370605
2021-12-14,23.61000061035156
2021-12-15,24.790000915527344
2021-12-16,24.280000686645508
2021-12-17,23.950000762939453
2021-12-18,23.950000762939453
2021-12-19,23.950000762939453
2021-12-20,25.71999931335449
2021-12-21,25.040000915527344
2021-12-22,26.270000457763672
2021-12-23,26.770000457763672
2021-12-24,26.770000457763672
2021-12-25,26.770000457763672
2021-12-26,26.770000457763672
2021-12-27,26.700000762939453
2021-12-28,26.489999771118164
2021-12-29,28.25
2021-12-30,29.600000381469727
2021-12-31,29.489999771118164
2022-01-01,29.489999771118164
2022-01-02,29.489999771118164
2022-01-03,29.21999931335449
2022-01-04,26.84000015258789
2022-01-05,26.21999931335449
2022-01-06,26.479999542236328
2022-01-07,26.86000061035156
2022-01-08,26.86000061035156
2022-01-09,26.86000061035156
2022-01-10,24.07999992370605
2022-01-11,24.700000762939453
2022-01-12,23.5
2022-01-13,22.36000061035156
2022-01-14,23.190000534057617
2022-01-15,23.190000534057617
2022-01-16,23.190000534057617
2022-01-17,23.190000534057617
2022-01-18,21.0
2022-01-19,19.90999984741211
2022-01-20,21.530000686645508
2022-01-21,20.11000061035156
2022-01-22,20.11000061035156
2022-01-23,20.11000061035156
2022-01-24,21.07999992370605
2022-01-25,19.940000534057617
2022-01-26,19.63999938964844
2022-01-27,20.5
2022-01-28,22.01000022888184
2022-01-29,22.01000022888184
2022-01-30,22.01000022888184
2022-01-31,21.940000534057617
2022-02-01,21.5
2022-02-02,22.290000915527344
2022-02-03,21.82999992370605
2022-02-04,21.700000762939453
2022-02-05,21.700000762939453
2022-02-06,21.700000762939453
2022-02-07,21.780000686645508
2022-02-08,22.780000686645508
2022-02-09,24.850000381469727
2022-02-10,25.43000030517578
2022-02-11,24.729999542236328
2022-02-12,24.729999542236328
2022-02-13,24.729999542236328
2022-02-14,22.780000686645508
2022-02-15,22.65999984741211
2022-02-16,22.170000076293945
2022-02-17,23.530000686645508
2022-02-18,23.56999969482422
2022-02-19,23.56999969482422
2022-02-20,23.56999969482422
2022-02-21,23.56999969482422
2022-02-22,23.86000061035156
2022-02-23,24.940000534057617
2022-02-24,22.6200008392334
2022-02-25,22.61000061035156
2022-02-26,22.61000061035156
2022-02-27,22.61000061035156
2022-02-28,21.43000030517578
2022-03-01,23.8799991607666
2022-03-02,23.670000076293945
2022-03-03,23.57999992370605
2022-03-04,24.899999618530277
2022-03-05,24.899999618530277
2022-03-06,24.899999618530277
2022-03-07,26.280000686645508
2022-03-08,26.82999992370605
2022-03-09,27.84000015258789
2022-03-10,27.56999969482422
2022-03-11,27.049999237060547
2022-03-12,27.049999237060547
2022-03-13,27.049999237060547
2022-03-14,24.700000762939453
2022-03-15,23.729999542236328
2022-03-16,25.540000915527344
2022-03-17,26.040000915527344
2022-03-18,26.350000381469727
2022-03-19,26.350000381469727
2022-03-20,26.350000381469727
2022-03-21,25.76000022888184
2022-03-22,25.049999237060547
2022-03-23,25.950000762939453
2022-03-24,24.8799991607666
2022-03-25,24.38999938964844
2022-03-26,24.38999938964844
2022-03-27,24.38999938964844
2022-03-28,23.770000457763672
2022-03-29,24.26000022888184
2022-03-30,25.01000022888184
2022-03-31,24.18000030517578
2022-04-01,23.959999084472656
2022-04-02,23.959999084472656
2022-04-03,23.959999084472656
2022-04-04,22.399999618530277
2022-04-05,21.770000457763672
2022-04-06,20.6200008392334
2022-04-07,21.65999984741211
2022-04-08,22.450000762939453
2022-04-09,22.450000762939453
2022-04-10,22.450000762939453
2022-04-11,21.0
2022-04-12,21.280000686645508
2022-04-13,21.239999771118164
2022-04-14,22.15999984741211
2022-04-15,22.15999984741211
2022-04-16,22.15999984741211
2022-04-17,22.15999984741211
2022-04-18,22.21999931335449
2022-04-19,21.229999542236328
2022-04-20,20.290000915527344
2022-04-21,21.739999771118164
2022-04-22,22.309999465942383
2022-04-23,22.309999465942383
2022-04-24,22.309999465942383
2022-04-25,20.920000076293945
2022-04-26,20.739999771118164
2022-04-27,21.549999237060547
2022-04-28,21.01000022888184
2022-04-29,21.479999542236328
2022-04-30,21.479999542236328
2022-05-01,21.479999542236328
2022-05-02,21.489999771118164
2022-05-03,22.1200008392334
2022-05-04,23.290000915527344
2022-05-05,23.690000534057617
2022-05-06,23.75
2022-05-07,23.75
2022-05-08,23.75
2022-05-09,23.8799991607666
2022-05-10,23.38999938964844
2022-05-11,23.899999618530277
2022-05-12,23.190000534057617
2022-05-13,23.1200008392334
2022-05-14,23.1200008392334
2022-05-15,23.1200008392334
2022-05-16,23.34000015258789
2022-05-17,24.6299991607666
2022-05-18,25.780000686645508
2022-05-19,24.96999931335449
2022-05-20,25.420000076293945
2022-05-21,25.420000076293945
2022-05-22,25.420000076293945
2022-05-23,24.600000381469727
2022-05-24,23.38999938964844
2022-05-25,22.96999931335449
2022-05-26,22.549999237060547
2022-05-27,21.479999542236328
2022-05-28,21.479999542236328
2022-05-29,21.479999542236328
2022-05-30,21.479999542236328
2022-05-31,22.190000534057617
2022-06-01,21.88999938964844
2022-06-02,22.0
2022-06-03,22.01000022888184
2022-06-04,22.01000022888184
2022-06-05,22.01000022888184
2022-06-06,21.459999084472656
2022-06-07,20.350000381469727
2022-06-08,19.239999771118164
2022-06-09,19.36000061035156
2022-06-10,19.850000381469727
2022-06-11,19.850000381469727
2022-06-12,19.850000381469727
2022-06-13,19.13999938964844
2022-06-14,19.8799991607666
2022-06-15,19.549999237060547
2022-06-16,19.690000534057617
2022-06-17,20.15999984741211
2022-06-18,20.15999984741211
2022-06-19,20.15999984741211
2022-06-20,20.15999984741211
2022-06-21,18.290000915527344
2022-06-22,16.790000915527344
2022-06-23,17.579999923706055
2022-06-24,16.899999618530273
2022-06-25,16.899999618530273
2022-06-26,16.899999618530273
2022-06-27,16.3700008392334
2022-06-28,16.030000686645508
2022-06-29,16.729999542236328
2022-06-30,17.170000076293945
2022-07-01,17.110000610351562
2022-07-02,17.110000610351562
2022-07-03,17.110000610351562
2022-07-04,17.110000610351562
2022-07-05,15.899999618530272
2022-07-06,14.949999809265137
2022-07-07,15.90999984741211
2022-07-08,15.289999961853027
2022-07-09,15.289999961853027
2022-07-10,15.289999961853027
2022-07-11,15.020000457763672
2022-07-12,13.859999656677246
2022-07-13,14.479999542236328
2022-07-14,15.18000030517578
2022-07-15,15.989999771118164
2022-07-16,15.989999771118164
2022-07-17,15.989999771118164
2022-07-18,15.279999732971191
2022-07-19,14.8100004196167
2022-07-20,14.539999961853027
2022-07-21,14.649999618530272
2022-07-22,14.600000381469728
2022-07-23,14.600000381469728
2022-07-24,14.600000381469728
2022-07-25,13.279999732971191
2022-07-26,13.470000267028809
2022-07-27,13.3100004196167
2022-07-28,12.789999961853027
2022-07-29,12.420000076293944
2022-07-30,12.420000076293944
2022-07-31,12.420000076293944
2022-08-01,12.649999618530272
2022-08-02,11.779999732971191
2022-08-03,10.829999923706056
2022-08-04,10.81999969482422
2022-08-05,11.100000381469728
2022-08-06,11.100000381469728
2022-08-07,11.100000381469728
2022-08-08,11.229999542236328
2022-08-09,11.5600004196167
2022-08-10,11.579999923706056
2022-08-11,10.890000343322754
2022-08-12,10.539999961853027
2022-08-13,10.539999961853027
2022-08-14,10.539999961853027
2022-08-15,9.890000343322754
2022-08-16,9.989999771118164
2022-08-17,9.770000457763672
2022-08-18,9.420000076293944
2022-08-19,9.3100004196167
2022-08-20,9.3100004196167
2022-08-21,9.3100004196167
2022-08-22,9.210000038146973
2022-08-23,8.699999809265137
2022-08-24,8.550000190734863
2022-08-25,7.96999979019165
2022-08-26,7.920000076293945
2022-08-27,7.920000076293945
2022-08-28,7.920000076293945
2022-08-29,7.860000133514404
2022-08-30,7.199999809265137
2022-08-31,7.840000152587891
2022-09-01,8.729999542236328
2022-09-02,8.779999732971191
2022-09-03,8.779999732971191
2022-09-04,8.779999732971191
2022-09-05,8.779999732971191
2022-09-06,7.989999771118164
2022-09-07,8.25
2022-09-08,8.779999732971191
2022-09-09,8.630000114440918
2022-09-10,8.630000114440918
2022-09-11,8.630000114440918
2022-09-12,9.550000190734863
2022-09-13,9.75
2022-09-14,9.390000343322754
2022-09-15,9.140000343322754
2022-09-16,9.06999969482422
2022-09-17,9.06999969482422
2022-09-18,9.06999969482422
2022-09-19,9.18000030517578
2022-09-20,10.25
2022-09-21,10.050000190734863
2022-09-22,9.9399995803833
2022-09-23,10.270000457763672
2022-09-24,10.270000457763672
2022-09-25,10.270000457763672
2022-09-26,10.050000190734863
2022-09-27,10.390000343322754
2022-09-28,9.579999923706056
2022-09-29,8.960000038146973
2022-09-30,9.039999961853027
2022-10-01,9.039999961853027
2022-10-02,9.039999961853027
2022-10-03,9.140000343322754
2022-10-04,10.350000381469728
2022-10-05,10.100000381469728
2022-10-06,9.6899995803833
2022-10-07,9.699999809265137
2022-10-08,9.699999809265137
2022-10-09,9.699999809265137
2022-10-10,9.199999809265137
2022-10-11,9.34000015258789
2022-10-12,9.09000015258789
2022-10-13,8.6899995803833
2022-10-14,9.210000038146973
2022-10-15,9.210000038146973
2022-10-16,9.210000038146973
2022-10-17,8.829999923706055
2022-10-18,9.1899995803833
2022-10-19,8.949999809265137
2022-10-20,8.710000038146973
2022-10-21,8.8100004196167
2022-10-22,8.8100004196167
2022-10-23,8.8100004196167
2022-10-24,8.479999542236328
2022-10-25,8.350000381469727
2022-10-26,8.09000015258789
2022-10-27,7.75
2022-10-28,7.710000038146973
2022-10-29,7.710000038146973
2022-10-30,7.710000038146973
2022-10-31,7.099999904632568
2022-11-01,7.409999847412109
2022-11-02,7.670000076293945
2022-11-03,7.369999885559082
2022-11-04,7.71999979019165
2022-11-05,7.71999979019165
2022-11-06,7.71999979019165
2022-11-07,7.570000171661377
2022-11-08,7.699999809265137
2022-11-09,7.900000095367432
2022-11-10,7.889999866485596
2022-11-11,8.199999809265137
2022-11-12,8.199999809265137
2022-11-13,8.199999809265137
2022-11-14,8.199999809265137
2022-11-15,7.710000038146973
2022-11-16,7.349999904632568
2022-11-17,7.190000057220459
2022-11-18,7.090000152587891
2022-11-19,7.090000152587891
2022-11-20,7.090000152587891
2022-11-21,7.369999885559082
2022-11-22,7.070000171661377
2022-11-23,7.380000114440918
2022-11-24,7.380000114440918
2022-11-25,7.820000171661377
2022-11-26,7.820000171661377
2022-11-27,7.820000171661377
2022-11-28,7.659999847412109
2022-11-29,7.539999961853027
2022-11-30,7.860000133514404
2022-12-01,7.710000038146973
2022-12-02,7.699999809265137
2022-12-03,7.699999809265137
2022-12-04,7.699999809265137
2022-12-05,7.96999979019165
2022-12-06,8.4399995803833
2022-12-07,8.399999618530273
2022-12-08,9.010000228881836
2022-12-09,9.1899995803833
2022-12-10,9.1899995803833
2022-12-11,9.1899995803833
2022-12-12,8.739999771118164
2022-12-13,9.289999961853027
2022-12-14,9.81999969482422
2022-12-15,9.760000228881836
2022-12-16,9.029999732971191
2022-12-17,9.029999732971191
2022-12-18,9.029999732971191
2022-12-19,8.850000381469727
2022-12-20,9.979999542236328
2022-12-21,9.979999542236328
2022-12-22,9.739999771118164
2022-12-23,9.460000038146973
2022-12-24,9.460000038146973
2022-12-25,9.460000038146973
2022-12-26,9.460000038146973
2022-12-27,9.5
2022-12-28,9.449999809265137
2022-12-29,9.399999618530272
2022-12-30,9.1899995803833
2022-12-31,9.1899995803833
2023-01-01,9.1899995803833
2023-01-02,9.1899995803833
2023-01-03,8.819999694824219
2023-01-04,9.25
2023-01-05,9.510000228881836
2023-01-06,10.039999961853027
2023-01-07,10.039999961853027
2023-01-08,10.039999961853027
2023-01-09,9.739999771118164
2023-01-10,9.119999885559082
2023-01-11,8.979999542236328
2023-01-12,9.09000015258789
2023-01-13,9.359999656677246
2023-01-14,9.359999656677246
2023-01-15,9.359999656677246
2023-01-16,9.359999656677246
2023-01-17,9.40999984741211
2023-01-18,8.9399995803833
2023-01-19,8.774999618530273
2023-01-20,8.949999809265137
2023-01-21,8.949999809265137
2023-01-22,8.949999809265137
2023-01-23,8.640000343322754
2023-01-24,8.4399995803833
2023-01-25,8.449999809265137
2023-01-26,8.119999885559082
2023-01-27,8.270000457763672
2023-01-28,8.270000457763672
2023-01-29,8.270000457763672
2023-01-30,8.0
2023-01-31,7.800000190734863
2023-02-01,7.53000020980835
2023-02-02,7.309999942779541
2023-02-03,7.110000133514404
2023-02-04,7.110000133514404
2023-02-05,7.110000133514404
2023-02-06,6.800000190734863
2023-02-07,7.159999847412109
2023-02-08,7.619999885559082
2023-02-09,7.119999885559082
2023-02-10,7.230000019073486
2023-02-11,7.230000019073486
2023-02-12,7.230000019073486
2023-02-13,7.0
2023-02-14,6.730000019073486
2023-02-15,6.53000020980835
2023-02-16,6.75
2023-02-17,6.599999904632568
2023-02-18,6.599999904632568
2023-02-19,6.599999904632568
2023-02-20,6.599999904632568
2023-02-21,7.059999942779541
2023-02-22,7.289999961853027
2023-02-23,7.960000038146973
2023-02-24,7.949999809265137
2023-02-25,7.949999809265137
2023-02-26,7.949999809265137
2023-02-27,8.149999618530273
2023-02-28,9.050000190734863
2023-03-01,8.819999694824219
2023-03-02,8.979999542236328
2023-03-03,9.390000343322754
2023-03-04,9.390000343322754
2023-03-05,9.390000343322754
2023-03-06,9.149999618530272
2023-03-07,9.18000030517578
2023-03-08,9.600000381469728
2023-03-09,9.920000076293944
2023-03-10,10.1899995803833
2023-03-11,10.1899995803833
2023-03-12,10.1899995803833
2023-03-13,10.260000228881836
2023-03-14,10.56999969482422
2023-03-15,9.6899995803833
2023-03-16,9.979999542236328
2023-03-17,9.970000267028809
2023-03-18,9.970000267028809
2023-03-19,9.970000267028809
2023-03-20,9.5
2023-03-21,9.3100004196167
2023-03-22,9.489999771118164
2023-03-23,10.1899995803833
2023-03-24,9.760000228881836
2023-03-25,9.760000228881836
2023-03-26,9.760000228881836
2023-03-27,9.449999809265137
2023-03-28,9.460000038146973
2023-03-29,10.020000457763672
2023-03-30,9.649999618530272
2023-03-31,10.100000381469728
2023-04-01,10.100000381469728
2023-04-02,10.100000381469728
2023-04-03,10.010000228881836
2023-04-04,10.3100004196167
2023-04-05,10.020000457763672
2023-04-06,9.8100004196167
2023-04-07,9.8100004196167
2023-04-08,9.8100004196167
2023-04-09,9.8100004196167
2023-04-10,9.90999984741211
2023-04-11,9.279999732971191
2023-04-12,9.40999984741211
2023-04-13,9.369999885559082
2023-04-14,9.1899995803833
2023-04-15,9.1899995803833
2023-04-16,9.1899995803833
2023-04-17,8.960000038146973
2023-04-18,8.619999885559082
2023-04-19,9.15999984741211
2023-04-20,9.25
2023-04-21,9.15999984741211
2023-04-22,9.15999984741211
2023-04-23,9.15999984741211
2023-04-24,8.779999732971191
2023-04-25,8.760000228881836
2023-04-26,8.819999694824219
2023-04-27,8.850000381469727
2023-04-28,8.760000228881836
2023-04-29,8.760000228881836
2023-04-30,8.760000228881836
2023-05-01,8.779999732971191
2023-05-02,8.279999732971191
2023-05-03,8.449999809265137
2023-05-04,7.929999828338623
2023-05-05,8.300000190734863
2023-05-06,8.300000190734863
2023-05-07,8.300000190734863
2023-05-08,8.350000381469727
2023-05-09,8.989999771118164
2023-05-10,8.600000381469727
2023-05-11,8.09000015258789
2023-05-12,7.71999979019165
2023-05-13,7.71999979019165
2023-05-14,7.71999979019165
2023-05-15,7.289999961853027
2023-05-16,7.21999979019165
2023-05-17,7.21999979019165
2023-05-18,7.489999771118164
2023-05-19,7.409999847412109
2023-05-20,7.409999847412109
2023-05-21,7.409999847412109
2023-05-22,7.389999866485596
2023-05-23,7.090000152587891
2023-05-24,6.559999942779541
2023-05-25,6.440000057220459
2023-05-26,6.570000171661377
2023-05-27,6.570000171661377
2023-05-28,6.570000171661377
2023-05-29,6.570000171661377
2023-05-30,6.079999923706055
2023-05-31,5.78000020980835
2023-06-01,5.840000152587891
2023-06-02,6.139999866485596
2023-06-03,6.139999866485596
2023-06-04,6.139999866485596
2023-06-05,6.550000190734863
2023-06-06,6.550000190734863
2023-06-07,6.139999866485596
2023-06-08,6.369999885559082
2023-06-09,6.329999923706055
2023-06-10,6.329999923706055
2023-06-11,6.329999923706055
2023-06-12,6.190000057220459
2023-06-13,6.300000190734863
2023-06-14,6.400000095367432
2023-06-15,6.340000152587891
2023-06-16,6.139999866485596
2023-06-17,6.139999866485596
2023-06-18,6.139999866485596
2023-06-19,6.139999866485596
2023-06-20,6.159999847412109
2023-06-21,6.119999885559082
2023-06-22,6.170000076293945
2023-06-23,6.159999847412109
2023-06-24,6.159999847412109
2023-06-25,6.159999847412109
2023-06-26,5.920000076293945
2023-06-27,5.659999847412109
2023-06-28,5.570000171661377
2023-06-29,5.610000133514404
2023-06-30,5.550000190734863
2023-07-01,5.550000190734863
2023-07-02,5.550000190734863
2023-07-03,5.170000076293945
2023-07-04,5.170000076293945
2023-07-05,5.050000190734863
2023-07-06,5.199999809265137
2023-07-07,5.010000228881836
2023-07-08,5.010000228881836
2023-07-09,5.010000228881836
2023-07-10,5.039999961853027
2023-07-11,5.21999979019165
2023-07-12,5.369999885559082
2023-07-13,5.170000076293945
2023-07-14,5.079999923706055
2023-07-15,5.079999923706055
2023-07-16,5.079999923706055
2023-07-17,4.840000152587891
2023-07-18,4.610000133514404
2023-07-19,4.5
2023-07-20,4.730000019073486
2023-07-21,4.730000019073486
2023-07-22,4.730000019073486
2023-07-23,4.730000019073486
2023-07-24,4.559999942779541
2023-07-25,4.789999961853027
2023-07-26,4.869999885559082
2023-07-27,4.800000190734863
2023-07-28,4.760000228881836
2023-07-29,4.760000228881836
2023-07-30,4.760000228881836
2023-07-31,4.949999809265137
2023-08-01,4.949999809265137
2023-08-02,4.820000171661377
2023-08-03,4.889999866485596
2023-08-04,4.889999866485596
2023-08-05,4.889999866485596
2023-08-06,4.889999866485596
2023-08-07,5.210000038146973
2023-08-08,5.070000171661377
2023-08-09,5.059999942779541
2023-08-10,5.21999979019165
2023-08-11,5.329999923706055
2023-08-12,5.329999923706055
2023-08-13,5.329999923706055
2023-08-14,5.340000152587891
2023-08-15,5.590000152587891
2023-08-16,5.659999847412109
2023-08-17,5.449999809265137
2023-08-18,5.329999923706055
2023-08-19,5.329999923706055
2023-08-20,5.329999923706055
2023-08-21,5.090000152587891
2023-08-22,4.940000057220459
2023-08-23,4.829999923706055
2023-08-24,5.059999942779541
2023-08-25,4.940000057220459
2023-08-26,4.940000057220459
2023-08-27,4.940000057220459
2023-08-28,4.96999979019165
2023-08-29,5.050000190734863
2023-08-30,4.880000114440918
2023-08-31,4.889999866485596
2023-09-01,4.860000133514404
2023-09-02,4.860000133514404
2023-09-03,4.860000133514404
2023-09-04,4.860000133514404
2023-09-05,4.900000095367432
2023-09-06,5.070000171661377
2023-09-07,5.239999771118164
2023-09-08,5.300000190734863
2023-09-09,5.300000190734863
2023-09-10,5.300000190734863
2023-09-11,5.099999904632568
2023-09-12,5.269999980926514
2023-09-13,5.300000190734863
2023-09-14,5.460000038146973
2023-09-15,5.480000019073486
2023-09-16,5.480000019073486
2023-09-17,5.480000019073486
2023-09-18,5.670000076293945
2023-09-19,5.699999809265137
2023-09-20,5.460000038146973
2023-09-21,5.369999885559082
2023-09-22,5.53000020980835
2023-09-23,5.53000020980835
2023-09-24,5.53000020980835
2023-09-25,5.590000152587891
2023-09-26,5.539999961853027
2023-09-27,5.53000020980835
2023-09-28,5.369999885559082
2023-09-29,5.489999771118164
2023-09-30,5.489999771118164
2023-10-01,5.489999771118164
2023-10-02,5.630000114440918
2023-10-03,5.590000152587891
2023-10-04,5.550000190734863
2023-10-05,5.75
2023-10-06,5.909999847412109
2023-10-07,5.909999847412109
2023-10-08,5.909999847412109
2023-10-09,5.96999979019165
2023-10-10,5.670000076293945
2023-10-11,5.78000020980835
2023-10-12,5.599999904632568
2023-10-13,5.869999885559082
2023-10-14,5.869999885559082
2023-10-15,5.869999885559082
2023-10-16,5.809999942779541
2023-10-17,6.090000152587891
2023-10-18,5.829999923706055
2023-10-19,5.670000076293945
2023-10-20,5.760000228881836
2023-10-21,5.760000228881836
2023-10-22,5.760000228881836
2023-10-23,5.539999961853027
2023-10-24,5.409999847412109
2023-10-25,5.289999961853027
2023-10-26,5.179999828338623
2023-10-27,5.059999942779541
2023-10-28,5.059999942779541
2023-10-29,5.059999942779541
2023-10-30,4.940000057220459
2023-10-31,5.010000228881836
2023-11-01,4.800000190734863
2023-11-02,5.010000228881836
2023-11-03,5.150000095367432
2023-11-04,5.150000095367432
2023-11-05,5.150000095367432
2023-11-06,5.269999980926514
2023-11-07,5.199999809265137
2023-11-08,5.400000095367432
2023-11-09,5.800000190734863
2023-11-10,5.699999809265137
2023-11-11,5.699999809265137
2023-11-12,5.699999809265137
2023-11-13,5.949999809265137
2023-11-14,5.929999828338623
2023-11-15,6.150000095367432
2023-11-16,6.440000057220459
2023-11-17,6.420000076293945
2023-11-18,6.420000076293945
2023-11-19,6.420000076293945
2023-11-20,6.420000076293945
2023-11-21,6.550000190734863
2023-11-22,6.619999885559082
2023-11-23,6.619999885559082
2023-11-24,7.519999980926514
2023-11-25,7.519999980926514
2023-11-26,7.519999980926514
2023-11-27,7.769999980926514
2023-11-28,7.800000190734863
2023-11-29,8.710000038146973
2023-11-30,9.329999923706056
2023-12-01,10.039999961853027
2023-12-02,10.039999961853027
2023-12-03,10.039999961853027
2023-12-04,9.34000015258789
2023-12-05,8.300000190734863
2023-12-06,8.229999542236328
2023-12-07,8.34000015258789
2023-12-08,8.699999809265137
2023-12-09,8.699999809265137
2023-12-10,8.699999809265137
2023-12-11,8.600000381469727
2023-12-12,9.4399995803833
2023-12-13,8.869999885559082
2023-12-14,9.239999771118164
2023-12-15,9.920000076293944
2023-12-16,9.920000076293944
2023-12-17,9.920000076293944
2023-12-18,10.600000381469728
2023-12-19,9.779999732971191
2023-12-20,10.039999961853027
2023-12-21,9.970000267028809
2023-12-22,10.4399995803833
2023-12-23,10.4399995803833
2023-12-24,10.4399995803833
2023-12-25,10.4399995803833
2023-12-26,10.399999618530272
2023-12-27,10.869999885559082
2023-12-28,11.649999618530272
2023-12-29,11.5600004196167
2023-12-30,11.5600004196167
2023-12-31,11.5600004196167
2024-01-01,11.5600004196167
2024-01-02,10.619999885559082
2024-01-03,10.140000343322754
2024-01-04,10.899999618530272
2024-01-05,10.609999656677246
2024-01-06,10.609999656677246
2024-01-07,10.609999656677246
2024-01-08,9.609999656677246
2024-01-09,9.0
2024-01-10,9.550000190734863
2024-01-11,9.4399995803833
2024-01-12,9.5
2024-01-13,9.5
2024-01-14,9.5
2024-01-15,9.5
2024-01-16,9.770000457763672
2024-01-17,10.0600004196167
2024-01-18,11.1899995803833
2024-01-19,11.050000190734863
2024-01-20,11.050000190734863
2024-01-21,11.050000190734863
2024-01-22,10.43000030517578
2024-01-23,10.720000267028809
2024-01-24,11.75
2024-01-25,11.100000381469728
2024-01-26,11.0600004196167
2024-01-27,11.0600004196167
2024-01-28,11.0600004196167
2024-01-29,10.75
2024-01-30,10.979999542236328
2024-01-31,11.239999771118164
2024-02-01,11.109999656677246
2024-02-02,11.170000076293944
2024-02-03,11.170000076293944
2024-02-04,11.170000076293944
2024-02-05,11.8100004196167
2024-02-06,12.640000343322754
2024-02-07,11.800000190734863
2024-02-08,12.550000190734863
2024-02-09,12.350000381469728
2024-02-10,12.350000381469728
2024-02-11,12.350000381469728
2024-02-12,12.5
2024-02-13,12.260000228881836
2024-02-14,12.75
2024-02-15,12.789999961853027
2024-02-16,12.81999969482422
2024-02-17,12.81999969482422
2024-02-18,12.81999969482422
2024-02-19,12.81999969482422
2024-02-20,12.5
2024-02-21,12.949999809265137
2024-02-22,13.510000228881836
2024-02-23,14.336999893188477
2024-02-24,14.336999893188477
2024-02-25,14.336999893188477
2024-02-26,13.732999801635742
2024-02-27,14.449999809265137
2024-02-28,15.029999732971191
2024-02-29,15.25
2024-03-01,16.100000381469727
2024-03-02,16.100000381469727
2024-03-03,16.100000381469727
2024-03-04,16.229999542236328
2024-03-05,15.75
2024-03-06,15.56999969482422
2024-03-07,16.43000030517578
2024-03-08,16.84000015258789
2024-03-09,16.84000015258789
2024-03-10,16.84000015258789
2024-03-11,16.040000915527344
2024-03-12,16.479999542236328
2024-03-13,16.25
2024-03-14,16.059999465942383
2024-03-15,15.6899995803833
2024-03-16,15.6899995803833
2024-03-17,15.6899995803833
2024-03-18,16.190000534057617
2024-03-19,15.489999771118164
2024-03-20,14.68000030517578
2024-03-21,15.270000457763672
2024-03-22,14.729999542236328
2024-03-23,14.729999542236328
2024-03-24,14.729999542236328
2024-03-25,14.06999969482422
2024-03-26,13.380000114440918
2024-03-27,13.350000381469728
2024-03-28,13.859999656677246
2024-03-29,13.859999656677246
2024-03-30,13.859999656677246
2024-03-31,13.859999656677246
2024-04-01,13.890000343322754
2024-04-02,12.699999809265137
2024-04-03,13.31999969482422
2024-04-04,12.710000038146973
2024-04-05,12.850000381469728
2024-04-06,12.850000381469728
2024-04-07,12.850000381469728
2024-04-08,12.510000228881836
2024-04-09,12.779999732971191
2024-04-10,13.5
2024-04-11,13.539999961853027
2024-04-12,13.670000076293944
2024-04-13,13.670000076293944
2024-04-14,13.670000076293944
2024-04-15,13.5600004196167
2024-04-16,13.399999618530272
2024-04-17,13.8100004196167
2024-04-18,13.43000030517578
2024-04-19,13.609999656677246
2024-04-20,13.609999656677246
2024-04-21,13.609999656677246
2024-04-22,13.029999732971191
2024-04-23,13.399999618530272
2024-04-24,13.15999984741211
2024-04-25,13.020000457763672
2024-04-26,12.81999969482422
2024-04-27,12.81999969482422
2024-04-28,12.81999969482422
2024-04-29,12.600000381469728
2024-04-30,12.710000038146973
2024-05-01,12.6899995803833
2024-05-02,13.460000038146973
2024-05-03,13.449999809265137
2024-05-04,13.449999809265137
2024-05-05,13.449999809265137
2024-05-06,13.56999969482422
2024-05-07,14.600000381469728
2024-05-08,13.93000030517578
2024-05-09,13.65999984741211
2024-05-10,13.739999771118164
2024-05-11,13.739999771118164
2024-05-12,13.739999771118164
2024-05-13,13.270000457763672
2024-05-14,12.949999809265137
2024-05-15,12.619999885559082
2024-05-16,12.75
2024-05-17,12.729999542236328
2024-05-18,12.729999542236328
2024-05-19,12.729999542236328
2024-05-20,12.829999923706056
2024-05-21,12.380000114440918
2024-05-22,12.140000343322754
2024-05-23,12.100000381469728
2024-05-24,12.260000228881836
2024-05-25,12.260000228881836
2024-05-26,12.260000228881836
2024-05-27,12.260000228881836
2024-05-28,12.0
2024-05-29,12.079999923706056
2024-05-30,12.15999984741211
2024-05-31,11.9399995803833
2024-06-01,11.9399995803833
2024-06-02,11.9399995803833
2024-06-03,12.119999885559082
2024-06-04,12.25
2024-06-05,12.0600004196167
2024-06-06,12.0600004196167
2024-06-07,11.84000015258789
2024-06-08,11.84000015258789
2024-06-09,11.84000015258789
2024-06-10,11.460000038146973
2024-06-11,11.420000076293944
2024-06-12,11.9399995803833
2024-06-13,12.119999885559082
2024-06-14,11.770000457763672
2024-06-15,11.770000457763672
2024-06-16,11.770000457763672
2024-06-17,11.960000038146973
2024-06-18,11.869999885559082
2024-06-19,11.869999885559082
2024-06-20,11.920000076293944
2024-06-21,11.779999732971191
2024-06-22,11.779999732971191
2024-06-23,11.779999732971191
2024-06-24,11.4399995803833
2024-06-25,11.399999618530272
2024-06-26,11.800000190734863
2024-06-27,11.920000076293944
2024-06-28,12.239999771118164
2024-06-29,12.239999771118164
2024-06-30,12.239999771118164
2024-07-01,12.5
2024-07-02,11.859999656677246
2024-07-03,12.0
2024-07-04,12.0
2024-07-05,11.329999923706056
2024-07-06,11.329999923706056
2024-07-07,11.329999923706056
2024-07-08,11.520000457763672
2024-07-09,11.65999984741211
2024-07-10,11.979999542236328
2024-07-11,11.9399995803833
2024-07-12,12.079999923706056
2024-07-13,12.079999923706056
2024-07-14,12.079999923706056
2024-07-15,11.720000267028809
2024-07-16,11.600000381469728
2024-07-17,11.6899995803833
2024-07-18,11.800000190734863
2024-07-19,11.760000228881836
2024-07-20,11.760000228881836
2024-07-21,11.760000228881836
2024-07-22,11.770000457763672
2024-07-23,11.489999771118164
2024-07-24,11.640000343322754
2024-07-25,11.359999656677246
2024-07-26,11.0600004196167
2024-07-27,11.0600004196167
2024-07-28,11.0600004196167
2024-07-29,11.229999542236328
2024-07-30,10.829999923706056
2024-07-31,10.720000267028809
2024-08-01,10.890000343322754
2024-08-02,10.9399995803833
2024-08-03,10.9399995803833
2024-08-04,10.9399995803833
2024-08-05,10.770000457763672
2024-08-06,10.979999542236328
2024-08-07,10.770000457763672
2024-08-08,10.899999618530272
2024-08-09,10.710000038146973
2024-08-10,10.710000038146973
2024-08-11,10.710000038146973
2024-08-12,10.579999923706056
2024-08-13,10.829999923706056
2024-08-14,10.899999618530272
2024-08-15,10.770000457763672
2024-08-16,10.6899995803833
2024-08-17,10.6899995803833
2024-08-18,10.6899995803833
2024-08-19,10.449999809265137
2024-08-20,10.6899995803833
2024-08-21,10.800000190734863
2024-08-22,10.592000007629396
2024-08-23,10.40999984741211
2024-08-24,10.40999984741211
2024-08-25,10.40999984741211
2024-08-26,10.65999984741211
2024-08-27,10.6899995803833
2024-08-28,10.69499969482422
2024-08-29,11.140000343322754
2024-08-30,11.109999656677246
2024-08-31,11.109999656677246
2024-09-01,11.109999656677246
2024-09-02,11.109999656677246
2024-09-03,10.5
2024-09-04,10.619999885559082
2024-09-05,10.739999771118164
2024-09-06,10.739999771118164
2024-09-07,10.739999771118164
2024-09-08,10.739999771118164
2024-09-09,10.56999969482422
2024-09-10,10.5600004196167
2024-09-11,10.75
2024-09-12,10.619999885559082
2024-09-13,10.270000457763672
2024-09-14,10.270000457763672
2024-09-15,10.270000457763672
2024-09-16,10.369999885559082
2024-09-17,10.350000381469728
2024-09-18,10.68000030517578
2024-09-19,10.56999969482422
2024-09-20,10.399999618530272
2024-09-21,10.399999618530272
2024-09-22,10.399999618530272
2024-09-23,10.619999885559082
2024-09-24,10.739999771118164
2024-09-25,10.649999618530272
2024-09-26,10.720000267028809
2024-09-27,10.449999809265137
2024-09-28,10.449999809265137
2024-09-29,10.449999809265137
2024-09-30,10.739999771118164
2024-10-01,10.1899995803833
2024-10-02,10.079999923706056
2024-10-03,10.350000381469728
2024-10-04,10.260000228881836
2024-10-05,10.260000228881836
2024-10-06,10.260000228881836
2024-10-07,10.220000267028809
2024-10-08,9.789999961853027
2024-10-09,9.329999923706056
2024-10-10,9.539999961853027
2024-10-11,9.40999984741211
2024-10-12,9.40999984741211
2024-10-13,9.40999984741211
2024-10-14,9.039999961853027
2024-10-15,8.520000457763672
2024-10-16,8.100000381469727
2024-10-17,8.420000076293945
2024-10-18,8.220000267028809
2024-10-19,8.220000267028809
2024-10-20,8.220000267028809
2024-10-21,7.929999828338623
2024-10-22,7.929999828338623
2024-10-23,8.0600004196167
2024-10-24,7.929999828338623
2024-10-25,7.809999942779541
2024-10-26,7.809999942779541
2024-10-27,7.809999942779541
2024-10-28,7.53000020980835
2024-10-29,7.869999885559082
2024-10-30,7.480000019073486
2024-10-31,7.480000019073486
2024-11-01,7.46999979019165
2024-11-02,7.46999979019165
2024-11-03,7.46999979019165
2024-11-04,7.78000020980835
2024-11-05,7.849999904632568
2024-11-06,7.650000095367432
2024-11-07,7.889999866485596
2024-11-08,8.149999618530273
2024-11-09,8.149999618530273
2024-11-10,8.149999618530273
2024-11-11,8.460000038146973
2024-11-12,8.300000190734863
2024-11-13,8.489999771118164
2024-11-14,8.449999809265137
2024-11-15,8.5
2024-11-16,8.5
2024-11-17,8.5
2024-11-18,7.989999771118164
2024-11-19,7.800000190734863
2024-11-20,7.664000034332275
2024-11-21,7.5
2024-11-22,7.230000019073486
2024-11-23,7.230000019073486
2024-11-24,7.230000019073486
2024-11-25,7.451000213623047
2024-11-26,7.409999847412109
2024-11-27,6.800000190734863
2024-11-28,6.800000190734863
2024-11-29,6.650000095367432
2024-11-30,6.650000095367432
2024-12-01,6.650000095367432
2024-12-02,6.349999904632568
2024-12-03,6.349999904632568
2024-12-04,6.440000057220459
2024-12-05,6.619999885559082
2024-12-06,6.489999771118164
2024-12-07,6.489999771118164
2024-12-08,6.489999771118164
2024-12-09,6.199999809265137
2024-12-10,6.019999980926514
2024-12-11,5.710000038146973
2024-12-12,5.900000095367432
2024-12-13,6.099999904632568
2024-12-14,6.099999904632568
2024-12-15,6.099999904632568
2024-12-16,6.070000171661377
2024-12-17,5.849999904632568
2024-12-18,6.059999942779541
2024-12-19,6.010000228881836
2024-12-20,6.21999979019165
2024-12-21,6.21999979019165
2024-12-22,6.21999979019165
2024-12-23,6.25
2024-12-24,6.130000114440918
2024-12-25,6.130000114440918
2024-12-26,6.065000057220459
2024-12-27,6.099999904632568
2024-12-28,6.099999904632568
2024-12-29,6.099999904632568
2024-12-30,5.920000076293945
2024-12-31,6.079999923706055
2025-01-01,6.079999923706055
2025-01-02,6.25
2025-01-03,6.260000228881836
2025-01-04,6.260000228881836
2025-01-05,6.260000228881836
2025-01-06,5.820000171661377
2025-01-07,5.630000114440918
2025-01-08,5.550000190734863
2025-01-09,5.550000190734863
2025-01-10,6.699999809265137
2025-01-11,6.699999809265137
2025-01-12,6.699999809265137
2025-01-13,5.840000152587891
2025-01-14,6.130000114440918
2025-01-15,5.889999866485596
2025-01-16,5.730000019073486
2025-01-17,5.71999979019165
2025-01-18,5.71999979019165
2025-01-19,5.71999979019165
2025-01-20,5.71999979019165
2025-01-21,5.610000133514404
2025-01-22,5.28000020980835
2025-01-23,5.139999866485596
2025-01-24,5.139999866485596
2025-01-25,5.139999866485596
2025-01-26,5.139999866485596
2025-01-27,5.320000171661377
2025-01-28,5.28000020980835
2025-01-29,5.320000171661377
2025-01-30,5.489999771118164
2025-01-31,5.769999980926514
2025-02-01,5.769999980926514
2025-02-02,5.769999980926514
2025-02-03,5.46999979019165
2025-02-04,5.869999885559082
2025-02-05,5.989999771118164
2025-02-06,5.800000190734863
2025-02-07,5.860000133514404
2025-02-08,5.860000133514404
2025-02-09,5.860000133514404
2025-02-10,5.78000020980835
2025-02-11,5.679999828338623
2025-02-12,5.510000228881836
2025-02-13,5.5
2025-02-14,5.639999866485596
2025-02-15,5.639999866485596
2025-02-16,5.639999866485596
2025-02-17,5.639999866485596
2025-02-18,6.079999923706055
2025-02-19,5.989999771118164
2025-02-20,6.449999809265137
2025-02-21,6.320000171661377
2025-02-22,6.320000171661377
2025-02-23,6.320000171661377
2025-02-24,6.090000152587891
2025-02-25,6.260000228881836
2025-02-26,6.400000095367432
2025-02-27,6.170000076293945
2025-02-28,6.400000095367432
2025-03-01,6.400000095367432
2025-03-02,6.400000095367432
2025-03-03,6.150000095367432
2025-03-04,6.0
2025-03-05,6.289999961853027
2025-03-06,6.5
2025-03-07,6.570000171661377
2025-03-08,6.570000171661377
2025-03-09,6.570000171661377
2025-03-10,6.550000190734863
2025-03-11,6.679999828338623
2025-03-12,7.139999866485596
2025-03-13,6.849999904632568
2025-03-14,6.949999809265137
2025-03-15,6.949999809265137
2025-03-16,6.949999809265137
2025-03-17,6.860000133514404
2025-03-18,6.730000019073486
2025-03-19,6.5
2025-03-20,6.775000095367432
2025-03-21,6.909999847412109
2025-03-22,6.909999847412109
2025-03-23,6.909999847412109
2025-03-24,6.75
2025-03-25,6.510000228881836
2025-03-26,6.400000095367432
2025-03-27,6.349999904632568
2025-03-28,6.360000133514404
2025-03-29,6.360000133514404
2025-03-30,6.360000133514404
2025-03-31,6.25
2025-04-01,6.5
2025-04-02,6.369999885559082
2025-04-03,6.019999980926514
2025-04-04,5.619999885559082
2025-04-05,5.619999885559082
2025-04-06,5.619999885559082
2025-04-07,5.380000114440918
2025-04-08,5.360000133514404
2025-04-09,5.329999923706055
2025-04-10,5.599999904632568
2025-04-11,5.630000114440918
2025-04-12,5.630000114440918
2025-04-13,5.630000114440918
2025-04-14,5.75
2025-04-15,5.690000057220459
2025-04-16,5.71999979019165
2025-04-17,5.739999771118164
2025-04-18,5.739999771118164
2025-04-19,5.739999771118164
2025-04-20,5.739999771118164
2025-04-21,5.730000019073486
2025-04-22,5.599999904632568
2025-04-23,5.880000114440918
2025-04-24,5.829999923706055
2025-04-25,5.920000076293945
2025-04-26,5.920000076293945
2025-04-27,5.920000076293945
2025-04-28,5.78000020980835
2025-04-29,5.570000171661377
2025-04-30,5.764999866485596
2025-05-01,5.949999809265137
2025-05-02,5.840000152587891
2025-05-03,5.840000152587891
2025-05-04,5.840000152587891
2025-05-05,5.914000034332275
2025-05-06,5.619999885559082
2025-05-07,5.619999885559082
2025-05-08,5.420000076293945
2025-05-09,5.429999828338623
2025-05-10,5.429999828338623
2025-05-11,5.429999828338623
2025-05-12,5.539999961853027
2025-05-13,5.300000190734863
2025-05-14,5.460000038146973
2025-05-15,5.550000190734863
2025-05-16,5.504000186920166
2025-05-17,5.504000186920166
2025-05-18,5.504000186920166
2025-05-19,5.309999942779541
2025-05-20,5.360000133514404
2025-05-21,5.340000152587891
2025-05-22,5.210000038146973
2025-05-23,5.150000095367432
2025-05-24,5.150000095367432
2025-05-25,5.150000095367432
2025-05-26,5.150000095367432
2025-05-27,5.150000095367432
2025-05-28,5.166999816894531
2025-05-29,5.190000057220459
2025-05-30,5.190000057220459
2025-05-31,5.190000057220459
2025-06-01,5.190000057220459
2025-06-02,5.099999904632568
2025-06-03,5.199999809265137
2025-06-04,5.420000076293945
2025-06-05,5.489999771118164
2025-06-06,5.409999847412109
2025-06-07,5.409999847412109
2025-06-08,5.409999847412109
2025-06-09,5.372000217437744
2025-06-10,5.519999980926514
2025-06-11,5.650000095367432
2025-06-12,5.730000019073486
2025-06-13,5.869999885559082
2025-06-14,5.869999885559082
2025-06-15,5.869999885559082
2025-06-16,5.679999828338623
2025-06-17,5.630000114440918
2025-06-18,5.619999885559082
2025-06-19,5.619999885559082
2025-06-20,5.730000019073486
2025-06-21,5.730000019073486
2025-06-22,5.730000019073486
2025-06-23,5.78000020980835
2025-06-24,5.735000133514404
2025-06-25,5.800000190734863
2025-06-26,5.659999847412109
2025-06-27,5.584000110626221
2025-06-28,5.584000110626221
2025-06-29,5.584000110626221
2025-06-30,5.550000190734863
2025-07-01,5.630000114440918
2025-07-02,5.769999980926514
2025-07-03,5.929999828338623
2025-07-04,5.929999828338623
2025-07-05,5.929999828338623
2025-07-06,5.929999828338623
2025-07-07,6.070000171661377
2025-07-08,6.179999828338623
2025-07-09,6.25
2025-07-10,6.659999847412109
2025-07-11,7.090000152587891
2025-07-12,7.090000152587891
2025-07-13,7.090000152587891
2025-07-14,7.260000228881836
2025-07-15,6.78000020980835
2025-07-16,7.25
2025-07-17,7.610000133514404
2025-07-18,7.400000095367432
2025-07-19,7.400000095367432
2025-07-20,7.400000095367432
2025-07-21,7.349999904632568
2025-07-22,7.670000076293945
2025-07-23,7.519999980926514
2025-07-24,7.420000076293945
2025-07-25,7.150000095367432
2025-07-26,7.150000095367432
2025-07-27,7.150000095367432
2025-07-28,7.245999813079834
2025-07-29,6.940000057220459
2025-07-30,7.019999980926514
2025-07-31,7.400000095367432
2025-08-01,7.460000038146973
2025-08-02,7.460000038146973
2025-08-03,7.460000038146973
2025-08-04,7.309999942779541
2025-08-05,7.769999980926514
2025-08-06,7.730000019073486
2025-08-07,7.75
2025-08-08,7.800000190734863
2025-08-09,7.800000190734863
2025-08-10,7.800000190734863
2025-08-11,7.900000095367432
2025-08-12,8.020000457763672
2025-08-13,8.166999816894531
2025-08-14,8.130000114440918
2025-08-15,8.020000457763672
2025-08-16,8.020000457763672
2025-08-17,8.020000457763672
2025-08-18,8.079999923706055
2025-08-19,7.7729997634887695
2025-08-20,8.039999961853027
2025-08-21,8.15999984741211
2025-08-22,8.40999984741211
2025-08-23,8.40999984741211
2025-08-24,8.40999984741211
2025-08-25,8.5
2025-08-26,8.600000381469727
2025-08-27,8.300000190734863
2025-08-28,8.350000381469727
2025-08-29,8.369999885559082
2025-08-30,8.369999885559082
2025-08-31,8.369999885559082
2025-09-01,8.369999885559082
2025-09-02,8.020000457763672
2025-09-03,8.140000343322754
2025-09-04,8.062999725341797
2025-09-05,8.039999961853027
2025-09-06,8.039999961853027
2025-09-07,8.039999961853027
2025-09-08,8.149999618530273
2025-09-09,8.390000343322754
2025-09-10,8.220000267028809
2025-09-11,8.114999771118164
2025-09-12,8.100000381469727
2025-09-13,8.100000381469727
2025-09-14,8.100000381469727
2025-09-15,8.210000038146973
2025-09-16,8.039999961853027
2025-09-17,8.140000343322754
2025-09-18,8.199999809265137
2025-09-19,8.15999984741211
2025-09-20,8.15999984741211
2025-09-21,8.15999984741211
2025-09-22,8.0600004196167
2025-09-23,8.25
2025-09-24,8.380000114440918
2025-09-25,8.199999809265137
2025-09-26,8.050000190734863
2025-09-27,8.050000190734863
2025-09-28,8.050000190734863
2025-09-29,7.769999980926514
2025-09-30,7.510000228881836
2025-10-01,7.579999923706055
2025-10-02,7.78000020980835
2025-10-03,7.71999979019165
2025-10-04,7.71999979019165
2025-10-05,7.71999979019165
2025-10-06,7.866000175476074
2025-10-07,8.0
2025-10-08,7.599999904632568
2025-10-09,7.699999809265137
2025-10-10,8.180000305175781
2025-10-11,8.180000305175781
2025-10-12,8.180000305175781
2025-10-13,8.640000343322754
2025-10-14,8.199999809265137
2025-10-15,8.520000457763672
2025-10-16,8.329999923706055
2025-10-17,8.15999984741211
2025-10-18,8.15999984741211
2025-10-19,8.15999984741211
2025-10-20,8.239999771118164
2025-10-21,8.380000114440918
2025-10-22,8.229999542236328
2025-10-23,7.820000171661377
2025-10-24,7.849999904632568
2025-10-25,7.849999904632568
2025-10-26,7.849999904632568
2025-10-27,7.96999979019165
2025-10-28,7.953000068664551
2025-10-29,8.199999809265137
2025-10-30,8.25
2025-10-31,8.100000381469727
2025-11-01,8.100000381469727
2025-11-02,8.100000381469727
2025-11-03,7.920000076293945
2025-11-04,8.180000305175781
2025-11-05,8.300000190734863
2025-11-06,8.5
2025-11-07,8.350000381469727
2025-11-08,8.350000381469727
2025-11-09,8.350000381469727
2025-11-10,8.369999885559082
2025-11-11,8.420000076293945
2025-11-12,8.479999542236328
2025-11-13,8.699999809265137
2025-11-14,8.600000381469727
2025-11-15,8.600000381469727
2025-11-16,8.600000381469727
2025-11-17,8.800000190734863
2025-11-18,8.989999771118164
2025-11-19,8.899999618530273
2025-11-20,8.920000076293945
2025-11-21,8.949999809265137
2025-11-22,8.949999809265137
2025-11-23,8.949999809265137
2025-11-24,9.1899995803833
2025-11-25,9.229999542236328
2025-11-26,9.199999809265137
2025-11-27,9.199999809265137
2025-11-28,8.770000457763672
2025-11-29,8.770000457763672
2025-11-30,8.770000457763672
2025-12-01,9.34000015258789
2025-12-02,9.25
2025-12-03,9.300000190734863
2025-12-04,9.270000457763672
2025-12-05,9.0
2025-12-06,9.0
2025-12-07,9.0
2025-12-08,9.25
2025-12-09,8.829999923706055
2025-12-10,9.012999534606934
2025-12-11,8.84000015258789
2025-12-12,8.680000305175781
2025-12-13,8.680000305175781
2025-12-14,8.680000305175781
2025-12-15,8.920000076293945
2025-12-16,8.770000457763672
2025-12-17,8.420000076293945
2025-12-18,8.656000137329102
2025-12-19,8.699999809265137
2025-12-20,8.699999809265137
2025-12-21,8.699999809265137
2025-12-22,8.880000114440918
2025-12-23,8.739999771118164
2025-12-24,8.770000457763672
2025-12-25,8.770000457763672
2025-12-26,8.75
2025-12-27,8.75
2025-12-28,8.75
2025-12-29,8.739999771118164
2025-12-30,8.680000305175781
2025-12-31,8.770000457763672
2026-01-01,8.770000457763672
2026-01-02,8.460000038146973
2026-01-03,8.460000038146973
2026-01-04,8.460000038146973
2026-01-05,8.720000267028809
2026-01-06,8.8100004196167
2026-01-07,8.789999961853027
2026-01-08,9.140000343322754
2026-01-09,8.850000381469727
2026-01-10,8.850000381469727
2026-01-11,8.850000381469727
2026-01-12,8.729999542236328
2026-01-13,8.720999717712402
2026-01-14,9.039999961853027
2026-01-15,9.479999542236328
2026-01-16,9.800000190734863
2026-01-17,9.800000190734863
2026-01-18,9.800000190734863
2026-01-19,9.800000190734863
2026-01-20,10.239999771118164
2026-01-21,10.06999969482422
2026-01-22,10.0
2026-01-23,10.359999656677246
2026-01-24,10.359999656677246
2026-01-25,10.359999656677246
2026-01-26,10.979999542236328
2026-01-27,11.260000228881836
2026-01-28,11.010000228881836
2026-01-29,11.479999542236328
2026-01-30,11.529999732971191
2026-01-31,11.529999732971191
2026-02-01,11.529999732971191
2026-02-02,11.199999809265137
2026-02-03,10.550000190734863
2026-02-04,10.850000381469728
2026-02-05,10.710000038146973
2026-02-06,10.649999618530272
2026-02-07,10.649999618530272
2026-02-08,10.649999618530272
2026-02-09,10.949999809265137
2026-02-10,11.18000030517578
2026-02-11,11.4399995803833
2026-02-12,11.300000190734863
2026-02-13,11.489999771118164
2026-02-14,11.489999771118164
2026-02-15,11.489999771118164
2026-02-16,11.489999771118164
2026-02-17,11.68000030517578
2026-02-18,11.760000228881836
2026-02-19,11.65999984741211
2026-02-20,11.729999542236328
2026-02-21,11.729999542236328
2026-02-22,11.729999542236328
2026-02-23,11.770000457763672
2026-02-24,11.869999885559082
2026-02-25,11.68000030517578
2026-02-26,11.90999984741211
2026-02-27,12.06999969482422
2026-02-28,12.06999969482422
2026-03-01,12.06999969482422
2026-03-02,12.220000267028809
2026-03-03,12.5
2026-03-04,11.90999984741211
2026-03-05,11.520000457763672
2026-03-06,10.460000038146973
2026-03-07,10.460000038146973
2026-03-08,10.460000038146973
2026-03-09,10.260000228881836
2026-03-10,10.229999542236328
2026-03-11,10.699999809265137
2026-03-12,10.399999618530272
2026-03-13,10.489999771118164
2026-03-14,10.489999771118164
2026-03-15,10.489999771118164
2026-03-16,10.670000076293944
2026-03-17,10.43000030517578
2026-03-18,10.699999809265137
2026-03-19,10.020000457763672
2026-03-20,10.010000228881836
2026-03-21,10.010000228881836
2026-03-22,10.010000228881836
2026-03-23,9.989999771118164
2026-03-24,9.800000190734863
2026-03-25,10.0
2026-03-26,10.0
2026-03-27,9.93000030517578
2026-03-28,9.93000030517578
2026-03-29,9.93000030517578
2026-03-30,9.9399995803833
2026-03-31,9.970000267028809
2026-04-01,10.324999809265137
2026-04-02,10.449999809265137
2026-04-03,10.449999809265137
2026-04-04,10.449999809265137
2026-04-05,10.449999809265137
2026-04-06,9.9399995803833
2026-04-07,10.4399995803833
2026-04-08,10.600000381469728
2026-04-09,10.300000190734863
2026-04-10,10.699999809265137
2026-04-11,10.699999809265137
2026-04-12,10.699999809265137
2026-04-13,11.0600004196167
2026-04-14,11.420000076293944
2026-04-15,11.399999618530272
2026-04-16,11.130000114440918
2026-04-17,11.4399995803833
2026-04-18,11.4399995803833
2026-04-19,11.4399995803833
2026-04-20,11.303999900817873
2026-04-21,11.350000381469728
2026-04-22,11.399999618530272
2026-04-23,11.34000015258789
2026-04-24,10.899999618530272
2026-04-25,10.899999618530272
2026-04-26,10.899999618530272
2026-04-27,11.270000457763672
2026-04-28,11.449999809265137
2026-04-29,11.850000381469728
2026-04-30,11.720000267028809
2026-05-01,11.729999542236328
2026-05-02,11.729999542236328
2026-05-03,11.729999542236328
2026-05-04,11.789999961853027
2026-05-05,12.18000030517578
2026-05-06,12.109999656677246
2026-05-07,12.100000381469728
2026-05-08,12.105999946594238
2026-05-09,12.105999946594238
2026-05-10,12.105999946594238
2026-05-11,12.649999618530272
2026-05-12,13.289999961853027
2026-05-13,13.329999923706056
2026-05-14,12.949999809265137
2026-05-15,13.18000030517578
2026-05-16,13.18000030517578
2026-05-17,13.18000030517578
2026-05-18,12.850000381469728
2026-05-19,12.649999618530272
2026-05-20,12.109999656677246
2026-05-21,12.5
2026-05-22,12.675000190734863
2026-05-23,12.675000190734863
2026-05-24,12.675000190734863
2026-05-25,12.675000190734863
2026-05-26,12.880000114440918
2026-05-27,12.875
2026-05-28,13.149999618530272
2026-05-29,12.9399995803833
2026-05-30,12.9399995803833
2026-05-31,12.9399995803833
2026-06-01,13.03499984741211
2026-06-02,12.9399995803833
2026-06-03,12.619999885559082
2026-06-04,12.65999984741211
2026-06-05,12.699999809265137
2026-06-06,12.699999809265137
2026-06-07,12.699999809265137
2026-06-08,12.369999885559082
2026-06-09,12.369999885559082
2026-06-10,12.5
2026-06-11,12.520000457763672
2026-06-12,12.31999969482422
2026-06-13,12.31999969482422
2026-06-14,12.31999969482422
2026-06-15,11.989999771118164
2026-06-16,12.130000114440918
2026-06-17,11.880000114440918
2026-06-18,11.56999969482422
2026-06-19,11.56999969482422
2026-06-20,11.56999969482422
2026-06-21,11.56999969482422
2026-06-22,11.579999923706056
2026-06-23,11.770000457763672
2026-06-24,11.699999809265137
2026-06-25,11.399999618530272
2026-06-26,11.270000457763672
2026-06-27,11.270000457763672
2026-06-28,11.270000457763672
2026-06-29,11.630000114440918
2026-06-30,11.869999885559082
2026-07-01,12.052000045776367
2026-07-02,12.270000457763672
2026-07-03,12.270000457763672
2026-07-04,12.270000457763672
2026-07-05,12.270000457763672
2026-07-06,12.960000038146973
2026-07-07,12.760000228881836
2026-07-08,12.835000038146973
2026-07-09,12.949999809265137
2026-07-10,12.890000343322754
2026-07-11,12.890000343322754
2026-07-12,12.890000343322754
2026-07-13,13.329999923706056
2026-07-14,13.100000381469728
2026-07-15,12.84000015258789
2026-07-16,12.649999618530272
2026-07-17,12.65999984741211
2026-07-18,12.65999984741211
2026-07-19,12.65999984741211
2026-07-20,12.1899995803833
2026-07-21,12.619999885559082
2026-07-22,12.510000228881836
2026-07-23,12.68000030517578
2026-07-24,12.56999969482422
2026-07-25,12.56999969482422
2026-07-26,12.56999969482422
2026-07-27,12.380000114440918
2026-07-28,12.609999656677246
2026-07-29,12.779999732971191
2026-07-30,13.359999656677246
2026-07-31,13.420000076293944
2026-08-01,13.420000076293944
2026-08-02,13.420000076293944
2026-08-03,13.949999809265137
2026-08-04,13.90999984741211
2026-08-05,13.970000267028809
2026-08-06,13.9399995803833
2026-08-07,13.760000228881836
2026-08-08,13.760000228881836
2026-08-09,13.760000228881836
2026-08-10,13.800000190734863
2026-08-11,13.789999961853027
2026-08-12,13.670000076293944
2026-08-13,13.890000343322754
2026-08-14,14.286999702453612
2026-08-15,14.286999702453612
2026-08-16,14.286999702453612
2026-08-17,14.0
2026-08-18,13.81999969482422
2026-08-19,14.005000114440918
2026-08-20,14.1899995803833
2026-08-21,14.75
2026-08-22,14.75
2026-08-23,14.75
2026-08-24,14.6899995803833
2026-08-25,15.0649995803833
2026-08-26,15.0600004196167
2026-08-27,14.81999969482422
2026-08-28,15.520000457763672
2026-08-29,15.520000457763672
2026-08-30,15.520000457763672
2026-08-31,15.470000267028809
2026-09-01,15.795000076293944
2026-09-02,16.579999923706055
2026-09-03,16.139999389648438
